This file contains any messages produced by compilers while
running configure, to aid debugging if configure makes a mistake.

It was created by sofia-sip configure 1.13.6, which was
generated by GNU Autoconf 2.69.  Invocation command line was

  $ ./configure 

## --------- ##
## Platform. ##
## --------- ##

hostname = thsgw
uname -m = x86_64
uname -r = 3.10.0-1160.41.1.el7.x86_64
uname -s = Linux
uname -v = #1 SMP Tue Aug 31 14:52:47 UTC 2021

/usr/bin/uname -p = x86_64
/bin/uname -X     = unknown

/bin/arch              = x86_64
/usr/bin/arch -k       = unknown
/usr/convex/getsysinfo = unknown
/usr/bin/hostinfo      = unknown
/bin/machine           = unknown
/usr/bin/oslevel       = unknown
/bin/universe          = unknown

PATH: /usr/local/sbin
PATH: /usr/local/bin
PATH: /usr/sbin
PATH: /usr/bin
PATH: /root/bin


## ----------- ##
## Core tests. ##
## ----------- ##

configure:2482: checking build system type
configure:2496: result: x86_64-unknown-linux-gnu
configure:2516: checking host system type
configure:2529: result: x86_64-unknown-linux-gnu
configure:2549: checking target system type
configure:2562: result: x86_64-unknown-linux-gnu
configure:2594: checking cached information
configure:2611: result: ok
configure:2634: checking for a BSD-compatible install
configure:2702: result: /usr/bin/install -c
configure:2713: checking whether build environment is sane
configure:2768: result: yes
configure:2919: checking for a thread-safe mkdir -p
configure:2958: result: /usr/bin/mkdir -p
configure:2965: checking for gawk
configure:2981: found /usr/bin/gawk
configure:2992: result: gawk
configure:3003: checking whether make sets $(MAKE)
configure:3025: result: yes
configure:3054: checking whether make supports nested variables
configure:3071: result: yes
configure:3171: checking for style of include used by make
configure:3199: result: GNU
configure:3270: checking for gcc
configure:3286: found /usr/bin/gcc
configure:3297: result: gcc
configure:3526: checking for C compiler version
configure:3535: gcc --version >&5
gcc (GCC) 4.8.5 20150623 (Red Hat 4.8.5-44)
Copyright (C) 2015 Free Software Foundation, Inc.
This is free software; see the source for copying conditions.  There is NO
warranty; not even for MERCHANTABILITY or FITNESS FOR A PARTICULAR PURPOSE.

configure:3546: $? = 0
configure:3535: gcc -v >&5
Using built-in specs.
COLLECT_GCC=gcc
COLLECT_LTO_WRAPPER=/usr/libexec/gcc/x86_64-redhat-linux/4.8.5/lto-wrapper
Target: x86_64-redhat-linux
Configured with: ../configure --prefix=/usr --mandir=/usr/share/man --infodir=/usr/share/info --with-bugurl=http://bugzilla.redhat.com/bugzilla --enable-bootstrap --enable-shared --enable-threads=posix --enable-checking=release --with-system-zlib --enable-__cxa_atexit --disable-libunwind-exceptions --enable-gnu-unique-object --enable-linker-build-id --with-linker-hash-style=gnu --enable-languages=c,c++,objc,obj-c++,java,fortran,ada,go,lto --enable-plugin --enable-initfini-array --disable-libgcj --with-isl=/builddir/build/BUILD/gcc-4.8.5-20150702/obj-x86_64-redhat-linux/isl-install --with-cloog=/builddir/build/BUILD/gcc-4.8.5-20150702/obj-x86_64-redhat-linux/cloog-install --enable-gnu-indirect-function --with-tune=generic --with-arch_32=x86-64 --build=x86_64-redhat-linux
Thread model: posix
gcc version 4.8.5 20150623 (Red Hat 4.8.5-44) (GCC) 
configure:3546: $? = 0
configure:3535: gcc -V >&5
gcc: error: unrecognized command line option '-V'
gcc: fatal error: no input files
compilation terminated.
configure:3546: $? = 4
configure:3535: gcc -qversion >&5
gcc: error: unrecognized command line option '-qversion'
gcc: fatal error: no input files
compilation terminated.
configure:3546: $? = 4
configure:3566: checking whether the C compiler works
configure:3588: gcc  -ggdb -O0     conftest.c  >&5
configure:3592: $? = 0
configure:3640: result: yes
configure:3643: checking for C compiler default output file name
configure:3645: result: a.out
configure:3651: checking for suffix of executables
configure:3658: gcc -o conftest  -ggdb -O0     conftest.c  >&5
configure:3662: $? = 0
configure:3684: result: 
configure:3706: checking whether we are cross compiling
configure:3714: gcc -o conftest  -ggdb -O0     conftest.c  >&5
configure:3718: $? = 0
configure:3725: ./conftest
configure:3729: $? = 0
configure:3744: result: no
configure:3749: checking for suffix of object files
configure:3771: gcc -c  -ggdb -O0   conftest.c >&5
configure:3775: $? = 0
configure:3796: result: o
configure:3800: checking whether we are using the GNU C compiler
configure:3819: gcc -c  -ggdb -O0   conftest.c >&5
configure:3819: $? = 0
configure:3828: result: yes
configure:3837: checking whether gcc accepts -g
configure:3857: gcc -c -g  conftest.c >&5
configure:3857: $? = 0
configure:3898: result: yes
configure:3915: checking for gcc option to accept ISO C89
configure:3978: gcc  -c  -ggdb -O0   conftest.c >&5
configure:3978: $? = 0
configure:3991: result: none needed
configure:4013: checking dependency style of gcc
configure:4124: result: gcc3
configure:4145: checking how to run the C preprocessor
configure:4176: gcc -E  conftest.c
configure:4176: $? = 0
configure:4190: gcc -E  conftest.c
conftest.c:11:28: fatal error: ac_nonexistent.h: No such file or directory
 #include <ac_nonexistent.h>
                            ^
compilation terminated.
configure:4190: $? = 1
configure: failed program was:
| /* confdefs.h */
| #define PACKAGE_NAME "sofia-sip"
| #define PACKAGE_TARNAME "sofia-sip"
| #define PACKAGE_VERSION "1.13.6"
| #define PACKAGE_STRING "sofia-sip 1.13.6"
| #define PACKAGE_BUGREPORT ""
| #define PACKAGE_URL ""
| #define PACKAGE "sofia-sip"
| #define VERSION "1.13.6"
| /* end confdefs.h.  */
| #include <ac_nonexistent.h>
configure:4215: result: gcc -E
configure:4235: gcc -E  conftest.c
configure:4235: $? = 0
configure:4249: gcc -E  conftest.c
conftest.c:11:28: fatal error: ac_nonexistent.h: No such file or directory
 #include <ac_nonexistent.h>
                            ^
compilation terminated.
configure:4249: $? = 1
configure: failed program was:
| /* confdefs.h */
| #define PACKAGE_NAME "sofia-sip"
| #define PACKAGE_TARNAME "sofia-sip"
| #define PACKAGE_VERSION "1.13.6"
| #define PACKAGE_STRING "sofia-sip 1.13.6"
| #define PACKAGE_BUGREPORT ""
| #define PACKAGE_URL ""
| #define PACKAGE "sofia-sip"
| #define VERSION "1.13.6"
| /* end confdefs.h.  */
| #include <ac_nonexistent.h>
configure:4278: checking for grep that handles long lines and -e
configure:4336: result: /usr/bin/grep
configure:4341: checking for egrep
configure:4403: result: /usr/bin/grep -E
configure:4408: checking for ANSI C header files
configure:4428: gcc -c  -ggdb -O0   conftest.c >&5
configure:4428: $? = 0
configure:4501: gcc -o conftest  -ggdb -O0     conftest.c  >&5
configure:4501: $? = 0
configure:4501: ./conftest
configure:4501: $? = 0
configure:4512: result: yes
configure:4525: checking for sys/types.h
configure:4525: gcc -c  -ggdb -O0   conftest.c >&5
configure:4525: $? = 0
configure:4525: result: yes
configure:4525: checking for sys/stat.h
configure:4525: gcc -c  -ggdb -O0   conftest.c >&5
configure:4525: $? = 0
configure:4525: result: yes
configure:4525: checking for stdlib.h
configure:4525: gcc -c  -ggdb -O0   conftest.c >&5
configure:4525: $? = 0
configure:4525: result: yes
configure:4525: checking for string.h
configure:4525: gcc -c  -ggdb -O0   conftest.c >&5
configure:4525: $? = 0
configure:4525: result: yes
configure:4525: checking for memory.h
configure:4525: gcc -c  -ggdb -O0   conftest.c >&5
configure:4525: $? = 0
configure:4525: result: yes
configure:4525: checking for strings.h
configure:4525: gcc -c  -ggdb -O0   conftest.c >&5
configure:4525: $? = 0
configure:4525: result: yes
configure:4525: checking for inttypes.h
configure:4525: gcc -c  -ggdb -O0   conftest.c >&5
configure:4525: $? = 0
configure:4525: result: yes
configure:4525: checking for stdint.h
configure:4525: gcc -c  -ggdb -O0   conftest.c >&5
configure:4525: $? = 0
configure:4525: result: yes
configure:4525: checking for unistd.h
configure:4525: gcc -c  -ggdb -O0   conftest.c >&5
configure:4525: $? = 0
configure:4525: result: yes
configure:4538: checking minix/config.h usability
configure:4538: gcc -c  -ggdb -O0   conftest.c >&5
conftest.c:54:26: fatal error: minix/config.h: No such file or directory
 #include <minix/config.h>
                          ^
compilation terminated.
configure:4538: $? = 1
configure: failed program was:
| /* confdefs.h */
| #define PACKAGE_NAME "sofia-sip"
| #define PACKAGE_TARNAME "sofia-sip"
| #define PACKAGE_VERSION "1.13.6"
| #define PACKAGE_STRING "sofia-sip 1.13.6"
| #define PACKAGE_BUGREPORT ""
| #define PACKAGE_URL ""
| #define PACKAGE "sofia-sip"
| #define VERSION "1.13.6"
| #define STDC_HEADERS 1
| #define HAVE_SYS_TYPES_H 1
| #define HAVE_SYS_STAT_H 1
| #define HAVE_STDLIB_H 1
| #define HAVE_STRING_H 1
| #define HAVE_MEMORY_H 1
| #define HAVE_STRINGS_H 1
| #define HAVE_INTTYPES_H 1
| #define HAVE_STDINT_H 1
| #define HAVE_UNISTD_H 1
| /* end confdefs.h.  */
| #include <stdio.h>
| #ifdef HAVE_SYS_TYPES_H
| # include <sys/types.h>
| #endif
| #ifdef HAVE_SYS_STAT_H
| # include <sys/stat.h>
| #endif
| #ifdef STDC_HEADERS
| # include <stdlib.h>
| # include <stddef.h>
| #else
| # ifdef HAVE_STDLIB_H
| #  include <stdlib.h>
| # endif
| #endif
| #ifdef HAVE_STRING_H
| # if !defined STDC_HEADERS && defined HAVE_MEMORY_H
| #  include <memory.h>
| # endif
| # include <string.h>
| #endif
| #ifdef HAVE_STRINGS_H
| # include <strings.h>
| #endif
| #ifdef HAVE_INTTYPES_H
| # include <inttypes.h>
| #endif
| #ifdef HAVE_STDINT_H
| # include <stdint.h>
| #endif
| #ifdef HAVE_UNISTD_H
| # include <unistd.h>
| #endif
| #include <minix/config.h>
configure:4538: result: no
configure:4538: checking minix/config.h presence
configure:4538: gcc -E  conftest.c
conftest.c:21:26: fatal error: minix/config.h: No such file or directory
 #include <minix/config.h>
                          ^
compilation terminated.
configure:4538: $? = 1
configure: failed program was:
| /* confdefs.h */
| #define PACKAGE_NAME "sofia-sip"
| #define PACKAGE_TARNAME "sofia-sip"
| #define PACKAGE_VERSION "1.13.6"
| #define PACKAGE_STRING "sofia-sip 1.13.6"
| #define PACKAGE_BUGREPORT ""
| #define PACKAGE_URL ""
| #define PACKAGE "sofia-sip"
| #define VERSION "1.13.6"
| #define STDC_HEADERS 1
| #define HAVE_SYS_TYPES_H 1
| #define HAVE_SYS_STAT_H 1
| #define HAVE_STDLIB_H 1
| #define HAVE_STRING_H 1
| #define HAVE_MEMORY_H 1
| #define HAVE_STRINGS_H 1
| #define HAVE_INTTYPES_H 1
| #define HAVE_STDINT_H 1
| #define HAVE_UNISTD_H 1
| /* end confdefs.h.  */
| #include <minix/config.h>
configure:4538: result: no
configure:4538: checking for minix/config.h
configure:4538: result: no
configure:4559: checking whether it is safe to define __EXTENSIONS__
configure:4577: gcc -c  -ggdb -O0   conftest.c >&5
configure:4577: $? = 0
configure:4584: result: yes
configure:4611: checking for compilation environment
configure:4623: result: 
configure:4700: checking for gcc
configure:4727: result: gcc
configure:4934: checking for gcc
configure:4961: result: gcc
configure:5190: checking for C compiler version
configure:5199: gcc --version >&5
gcc (GCC) 4.8.5 20150623 (Red Hat 4.8.5-44)
Copyright (C) 2015 Free Software Foundation, Inc.
This is free software; see the source for copying conditions.  There is NO
warranty; not even for MERCHANTABILITY or FITNESS FOR A PARTICULAR PURPOSE.

configure:5210: $? = 0
configure:5199: gcc -v >&5
Using built-in specs.
COLLECT_GCC=gcc
COLLECT_LTO_WRAPPER=/usr/libexec/gcc/x86_64-redhat-linux/4.8.5/lto-wrapper
Target: x86_64-redhat-linux
Configured with: ../configure --prefix=/usr --mandir=/usr/share/man --infodir=/usr/share/info --with-bugurl=http://bugzilla.redhat.com/bugzilla --enable-bootstrap --enable-shared --enable-threads=posix --enable-checking=release --with-system-zlib --enable-__cxa_atexit --disable-libunwind-exceptions --enable-gnu-unique-object --enable-linker-build-id --with-linker-hash-style=gnu --enable-languages=c,c++,objc,obj-c++,java,fortran,ada,go,lto --enable-plugin --enable-initfini-array --disable-libgcj --with-isl=/builddir/build/BUILD/gcc-4.8.5-20150702/obj-x86_64-redhat-linux/isl-install --with-cloog=/builddir/build/BUILD/gcc-4.8.5-20150702/obj-x86_64-redhat-linux/cloog-install --enable-gnu-indirect-function --with-tune=generic --with-arch_32=x86-64 --build=x86_64-redhat-linux
Thread model: posix
gcc version 4.8.5 20150623 (Red Hat 4.8.5-44) (GCC) 
configure:5210: $? = 0
configure:5199: gcc -V >&5
gcc: error: unrecognized command line option '-V'
gcc: fatal error: no input files
compilation terminated.
configure:5210: $? = 4
configure:5199: gcc -qversion >&5
gcc: error: unrecognized command line option '-qversion'
gcc: fatal error: no input files
compilation terminated.
configure:5210: $? = 4
configure:5214: checking whether we are using the GNU C compiler
configure:5242: result: yes
configure:5251: checking whether gcc accepts -g
configure:5312: result: yes
configure:5329: checking for gcc option to accept ISO C89
configure:5405: result: none needed
configure:5427: checking dependency style of gcc
configure:5538: result: gcc3
configure:5557: checking for maximum warnings compiler flag
configure:5573: result: -Wall
configure:5837: checking how to run the C preprocessor
configure:5907: result: gcc -E
configure:5927: gcc -E  conftest.c
configure:5927: $? = 0
configure:5941: gcc -E  conftest.c
conftest.c:26:28: fatal error: ac_nonexistent.h: No such file or directory
 #include <ac_nonexistent.h>
                            ^
compilation terminated.
configure:5941: $? = 1
configure: failed program was:
| /* confdefs.h */
| #define PACKAGE_NAME "sofia-sip"
| #define PACKAGE_TARNAME "sofia-sip"
| #define PACKAGE_VERSION "1.13.6"
| #define PACKAGE_STRING "sofia-sip 1.13.6"
| #define PACKAGE_BUGREPORT ""
| #define PACKAGE_URL ""
| #define PACKAGE "sofia-sip"
| #define VERSION "1.13.6"
| #define STDC_HEADERS 1
| #define HAVE_SYS_TYPES_H 1
| #define HAVE_SYS_STAT_H 1
| #define HAVE_STDLIB_H 1
| #define HAVE_STRING_H 1
| #define HAVE_MEMORY_H 1
| #define HAVE_STRINGS_H 1
| #define HAVE_INTTYPES_H 1
| #define HAVE_STDINT_H 1
| #define HAVE_UNISTD_H 1
| #define __EXTENSIONS__ 1
| #define _ALL_SOURCE 1
| #define _GNU_SOURCE 1
| #define _POSIX_PTHREAD_SEMANTICS 1
| #define _TANDEM_SOURCE 1
| /* end confdefs.h.  */
| #include <ac_nonexistent.h>
configure:5971: checking for etags
configure:5999: result: echo
configure:6050: checking for ar
configure:6066: found /usr/bin/ar
configure:6077: result: ar
configure:6142: checking for ld
configure:6158: found /usr/bin/ld
configure:6169: result: ld
configure:6237: checking how to print strings
configure:6264: result: printf
configure:6285: checking for a sed that does not truncate output
configure:6349: result: /usr/bin/sed
configure:6367: checking for fgrep
configure:6429: result: /usr/bin/grep -F
configure:6464: checking for ld used by gcc
configure:6531: result: ld
configure:6538: checking if the linker (ld) is GNU ld
configure:6553: result: yes
configure:6565: checking for BSD- or MS-compatible name lister (nm)
configure:6614: result: /usr/bin/nm -B
configure:6744: checking the name lister (/usr/bin/nm -B) interface
configure:6751: gcc -c  -ggdb -O0  -DSU_DEBUG=0   conftest.c >&5
configure:6754: /usr/bin/nm -B "conftest.o"
configure:6757: output
0000000000000000 B some_variable
configure:6764: result: BSD nm
configure:6767: checking whether ln -s works
configure:6771: result: yes
configure:6779: checking the maximum length of command line arguments
configure:6909: result: 98304
configure:6926: checking whether the shell understands some XSI constructs
configure:6936: result: yes
configure:6940: checking whether the shell understands "+="
configure:6946: result: yes
configure:6981: checking how to convert x86_64-unknown-linux-gnu file names to x86_64-unknown-linux-gnu format
configure:7021: result: func_convert_file_noop
configure:7028: checking how to convert x86_64-unknown-linux-gnu file names to toolchain format
configure:7048: result: func_convert_file_noop
configure:7055: checking for ld option to reload object files
configure:7062: result: -r
configure:7136: checking for objdump
configure:7152: found /usr/bin/objdump
configure:7163: result: objdump
configure:7195: checking how to recognize dependent libraries
configure:7397: result: pass_all
configure:7482: checking for dlltool
configure:7512: result: no
configure:7542: checking how to associate runtime and link libraries
configure:7569: result: printf %s\n
configure:7693: checking for archiver @FILE support
configure:7710: gcc -c  -ggdb -O0  -DSU_DEBUG=0   conftest.c >&5
configure:7710: $? = 0
configure:7713: ar cru libconftest.a @conftest.lst >&5
configure:7716: $? = 0
configure:7721: ar cru libconftest.a @conftest.lst >&5
ar: conftest.o: No such file or directory
configure:7724: $? = 1
configure:7736: result: @
configure:7794: checking for strip
configure:7810: found /usr/bin/strip
configure:7821: result: strip
configure:7893: checking for ranlib
configure:7909: found /usr/bin/ranlib
configure:7920: result: ranlib
configure:8022: checking command to parse /usr/bin/nm -B output from gcc object
configure:8142: gcc -c  -ggdb -O0  -DSU_DEBUG=0   conftest.c >&5
configure:8145: $? = 0
configure:8149: /usr/bin/nm -B conftest.o \| sed -n -e 's/^.*[ ]\([ABCDGIRSTW][ABCDGIRSTW]*\)[ ][ ]*\([_A-Za-z][_A-Za-z0-9]*\)$/\1 \2 \2/p' | sed '/ __gnu_lto/d' \> conftest.nm
configure:8152: $? = 0
configure:8218: gcc -o conftest  -ggdb -O0  -DSU_DEBUG=0     conftest.c conftstm.o >&5
configure:8221: $? = 0
configure:8259: result: ok
configure:8296: checking for sysroot
configure:8326: result: no
configure:8403: gcc -c  -ggdb -O0  -DSU_DEBUG=0   conftest.c >&5
configure:8406: $? = 0
configure:8582: checking for mt
configure:8612: result: no
configure:8632: checking if : is a manifest tool
configure:8638: : '-?'
configure:8646: result: no
configure:9285: checking for dlfcn.h
configure:9285: gcc -c  -ggdb -O0  -DSU_DEBUG=0   conftest.c >&5
configure:9285: $? = 0
configure:9285: result: yes
configure:9491: checking for objdir
configure:9506: result: .libs
configure:9777: checking if gcc supports -fno-rtti -fno-exceptions
configure:9795: gcc -c  -ggdb -O0  -DSU_DEBUG=0   -fno-rtti -fno-exceptions conftest.c >&5
cc1: warning: command line option '-fno-rtti' is valid for C++/ObjC++ but not for C [enabled by default]
configure:9799: $? = 0
configure:9812: result: no
configure:10139: checking for gcc option to produce PIC
configure:10146: result: -fPIC -DPIC
configure:10154: checking if gcc PIC flag -fPIC -DPIC works
configure:10172: gcc -c  -ggdb -O0  -DSU_DEBUG=0   -fPIC -DPIC -DPIC conftest.c >&5
configure:10176: $? = 0
configure:10189: result: yes
configure:10218: checking if gcc static flag -static works
configure:10246: result: no
configure:10261: checking if gcc supports -c -o file.o
configure:10282: gcc -c  -ggdb -O0  -DSU_DEBUG=0   -o out/conftest2.o conftest.c >&5
configure:10286: $? = 0
configure:10308: result: yes
configure:10316: checking if gcc supports -c -o file.o
configure:10363: result: yes
configure:10396: checking whether the gcc linker (ld -m elf_x86_64) supports shared libraries
configure:11549: result: yes
configure:11586: checking whether -lc should be explicitly linked in
configure:11594: gcc -c  -ggdb -O0  -DSU_DEBUG=0   conftest.c >&5
configure:11597: $? = 0
configure:11612: gcc -shared  -fPIC -DPIC conftest.o  -v -Wl,-soname -Wl,conftest -o conftest 2\>\&1 \| /usr/bin/grep  -lc  \>/dev/null 2\>\&1
configure:11615: $? = 0
configure:11629: result: no
configure:11789: checking dynamic linker characteristics
configure:12300: gcc -o conftest  -ggdb -O0  -DSU_DEBUG=0     -Wl,-rpath -Wl,/foo conftest.c  >&5
configure:12300: $? = 0
configure:12526: result: GNU/Linux ld.so
configure:12633: checking how to hardcode library paths into programs
configure:12658: result: immediate
configure:13198: checking whether stripping libraries is possible
configure:13203: result: yes
configure:13238: checking if libtool supports shared libraries
configure:13240: result: yes
configure:13243: checking whether to build shared libraries
configure:13264: result: yes
configure:13267: checking whether to build static libraries
configure:13271: result: yes
configure:13309: checking whether gcc and cc understand -c and -o together
configure:13340: gcc -c conftest.c -o conftest2.o >&5
configure:13344: $? = 0
configure:13350: gcc -c conftest.c -o conftest2.o >&5
configure:13354: $? = 0
configure:13365: cc -c conftest.c >&5
configure:13369: $? = 0
configure:13377: cc -c conftest.c -o conftest2.o >&5
configure:13381: $? = 0
configure:13387: cc -c conftest.c -o conftest2.o >&5
configure:13391: $? = 0
configure:13409: result: yes
configure:13493: checking for doxygen
configure:13509: found /usr/bin/doxygen
configure:13521: result: doxygen
configure:13541: checking for C compiler vendor
configure:13565: gcc -c  -ggdb -O0  -DSU_DEBUG=0   conftest.c >&5
conftest.c: In function 'main':
conftest.c:34:7: error: 'thisisanerror' undeclared (first use in this function)
       thisisanerror;
       ^
conftest.c:34:7: note: each undeclared identifier is reported only once for each function it appears in
configure:13565: $? = 1
configure: failed program was:
| /* confdefs.h */
| #define PACKAGE_NAME "sofia-sip"
| #define PACKAGE_TARNAME "sofia-sip"
| #define PACKAGE_VERSION "1.13.6"
| #define PACKAGE_STRING "sofia-sip 1.13.6"
| #define PACKAGE_BUGREPORT ""
| #define PACKAGE_URL ""
| #define PACKAGE "sofia-sip"
| #define VERSION "1.13.6"
| #define STDC_HEADERS 1
| #define HAVE_SYS_TYPES_H 1
| #define HAVE_SYS_STAT_H 1
| #define HAVE_STDLIB_H 1
| #define HAVE_STRING_H 1
| #define HAVE_MEMORY_H 1
| #define HAVE_STRINGS_H 1
| #define HAVE_INTTYPES_H 1
| #define HAVE_STDINT_H 1
| #define HAVE_UNISTD_H 1
| #define __EXTENSIONS__ 1
| #define _ALL_SOURCE 1
| #define _GNU_SOURCE 1
| #define _POSIX_PTHREAD_SEMANTICS 1
| #define _TANDEM_SOURCE 1
| #define HAVE_DLFCN_H 1
| #define LT_OBJDIR ".libs/"
| /* end confdefs.h.  */
| 
| int
| main ()
| {
| 
| #if !(defined(__ICC) || defined(__ECC) || defined(__INTEL_COMPILER))
|       thisisanerror;
| #endif
| 
|   ;
|   return 0;
| }
configure:13565: gcc -c  -ggdb -O0  -DSU_DEBUG=0   conftest.c >&5
conftest.c: In function 'main':
conftest.c:34:7: error: 'thisisanerror' undeclared (first use in this function)
       thisisanerror;
       ^
conftest.c:34:7: note: each undeclared identifier is reported only once for each function it appears in
configure:13565: $? = 1
configure: failed program was:
| /* confdefs.h */
| #define PACKAGE_NAME "sofia-sip"
| #define PACKAGE_TARNAME "sofia-sip"
| #define PACKAGE_VERSION "1.13.6"
| #define PACKAGE_STRING "sofia-sip 1.13.6"
| #define PACKAGE_BUGREPORT ""
| #define PACKAGE_URL ""
| #define PACKAGE "sofia-sip"
| #define VERSION "1.13.6"
| #define STDC_HEADERS 1
| #define HAVE_SYS_TYPES_H 1
| #define HAVE_SYS_STAT_H 1
| #define HAVE_STDLIB_H 1
| #define HAVE_STRING_H 1
| #define HAVE_MEMORY_H 1
| #define HAVE_STRINGS_H 1
| #define HAVE_INTTYPES_H 1
| #define HAVE_STDINT_H 1
| #define HAVE_UNISTD_H 1
| #define __EXTENSIONS__ 1
| #define _ALL_SOURCE 1
| #define _GNU_SOURCE 1
| #define _POSIX_PTHREAD_SEMANTICS 1
| #define _TANDEM_SOURCE 1
| #define HAVE_DLFCN_H 1
| #define LT_OBJDIR ".libs/"
| /* end confdefs.h.  */
| 
| int
| main ()
| {
| 
| #if !(defined(__xlc__) || defined(__xlC__) || defined(__IBMC__) || defined(__IBMCPP__))
|       thisisanerror;
| #endif
| 
|   ;
|   return 0;
| }
configure:13565: gcc -c  -ggdb -O0  -DSU_DEBUG=0   conftest.c >&5
configure:13565: $? = 0
configure:13572: result: gnu
configure:13607: checking for ANSI C header files
configure:13711: result: yes
configure:13726: checking return type of signal handlers
configure:13744: gcc -c  -ggdb -O0  -DSU_DEBUG=0   conftest.c >&5
conftest.c: In function 'main':
conftest.c:35:1: error: void value not ignored as it ought to be
 return *(signal (0, 0)) (0) == 1;
 ^
configure:13744: $? = 1
configure: failed program was:
| /* confdefs.h */
| #define PACKAGE_NAME "sofia-sip"
| #define PACKAGE_TARNAME "sofia-sip"
| #define PACKAGE_VERSION "1.13.6"
| #define PACKAGE_STRING "sofia-sip 1.13.6"
| #define PACKAGE_BUGREPORT ""
| #define PACKAGE_URL ""
| #define PACKAGE "sofia-sip"
| #define VERSION "1.13.6"
| #define STDC_HEADERS 1
| #define HAVE_SYS_TYPES_H 1
| #define HAVE_SYS_STAT_H 1
| #define HAVE_STDLIB_H 1
| #define HAVE_STRING_H 1
| #define HAVE_MEMORY_H 1
| #define HAVE_STRINGS_H 1
| #define HAVE_INTTYPES_H 1
| #define HAVE_STDINT_H 1
| #define HAVE_UNISTD_H 1
| #define __EXTENSIONS__ 1
| #define _ALL_SOURCE 1
| #define _GNU_SOURCE 1
| #define _POSIX_PTHREAD_SEMANTICS 1
| #define _TANDEM_SOURCE 1
| #define HAVE_DLFCN_H 1
| #define LT_OBJDIR ".libs/"
| #define STDC_HEADERS 1
| /* end confdefs.h.  */
| #include <sys/types.h>
| #include <signal.h>
| 
| int
| main ()
| {
| return *(signal (0, 0)) (0) == 1;
|   ;
|   return 0;
| }
configure:13751: result: void
configure:13759: checking for long long
configure:13759: gcc -c  -ggdb -O0  -DSU_DEBUG=0   conftest.c >&5
configure:13759: $? = 0
configure:13759: gcc -c  -ggdb -O0  -DSU_DEBUG=0   conftest.c >&5
conftest.c: In function 'main':
conftest.c:66:24: error: expected expression before ')' token
 if (sizeof ((long long)))
                        ^
configure:13759: $? = 1
configure: failed program was:
| /* confdefs.h */
| #define PACKAGE_NAME "sofia-sip"
| #define PACKAGE_TARNAME "sofia-sip"
| #define PACKAGE_VERSION "1.13.6"
| #define PACKAGE_STRING "sofia-sip 1.13.6"
| #define PACKAGE_BUGREPORT ""
| #define PACKAGE_URL ""
| #define PACKAGE "sofia-sip"
| #define VERSION "1.13.6"
| #define STDC_HEADERS 1
| #define HAVE_SYS_TYPES_H 1
| #define HAVE_SYS_STAT_H 1
| #define HAVE_STDLIB_H 1
| #define HAVE_STRING_H 1
| #define HAVE_MEMORY_H 1
| #define HAVE_STRINGS_H 1
| #define HAVE_INTTYPES_H 1
| #define HAVE_STDINT_H 1
| #define HAVE_UNISTD_H 1
| #define __EXTENSIONS__ 1
| #define _ALL_SOURCE 1
| #define _GNU_SOURCE 1
| #define _POSIX_PTHREAD_SEMANTICS 1
| #define _TANDEM_SOURCE 1
| #define HAVE_DLFCN_H 1
| #define LT_OBJDIR ".libs/"
| #define STDC_HEADERS 1
| #define RETSIGTYPE void
| /* end confdefs.h.  */
| #include <stdio.h>
| #ifdef HAVE_SYS_TYPES_H
| # include <sys/types.h>
| #endif
| #ifdef HAVE_SYS_STAT_H
| # include <sys/stat.h>
| #endif
| #ifdef STDC_HEADERS
| # include <stdlib.h>
| # include <stddef.h>
| #else
| # ifdef HAVE_STDLIB_H
| #  include <stdlib.h>
| # endif
| #endif
| #ifdef HAVE_STRING_H
| # if !defined STDC_HEADERS && defined HAVE_MEMORY_H
| #  include <memory.h>
| # endif
| # include <string.h>
| #endif
| #ifdef HAVE_STRINGS_H
| # include <strings.h>
| #endif
| #ifdef HAVE_INTTYPES_H
| # include <inttypes.h>
| #endif
| #ifdef HAVE_STDINT_H
| # include <stdint.h>
| #endif
| #ifdef HAVE_UNISTD_H
| # include <unistd.h>
| #endif
| int
| main ()
| {
| if (sizeof ((long long)))
| 	    return 0;
|   ;
|   return 0;
| }
configure:13759: result: yes
configure:13769: checking whether IO functions support C99 size specifiers
configure:13796: gcc -o conftest  -ggdb -O0  -DSU_DEBUG=0     conftest.c  >&5
configure:13796: $? = 0
configure:13796: ./conftest
configure:13796: $? = 0
configure:13807: result: yes
configure:13941: checking for an ANSI C-conforming const
configure:14007: gcc -c  -ggdb -O0  -DSU_DEBUG=0   conftest.c >&5
configure:14007: $? = 0
configure:14014: result: yes
configure:14022: checking for inline
configure:14038: gcc -c  -ggdb -O0  -DSU_DEBUG=0   conftest.c >&5
configure:14038: $? = 0
configure:14046: result: inline
configure:14065: checking for inline
configure:14089: result: inline
configure:14113: checking whether byte ordering is bigendian
configure:14128: gcc -c  -ggdb -O0  -DSU_DEBUG=0   conftest.c >&5
conftest.c:39:9: error: unknown type name 'not'
         not a universal capable compiler
         ^
conftest.c:39:15: error: expected '=', ',', ';', 'asm' or '__attribute__' before 'universal'
         not a universal capable compiler
               ^
conftest.c:39:15: error: unknown type name 'universal'
configure:14128: $? = 1
configure: failed program was:
| /* confdefs.h */
| #define PACKAGE_NAME "sofia-sip"
| #define PACKAGE_TARNAME "sofia-sip"
| #define PACKAGE_VERSION "1.13.6"
| #define PACKAGE_STRING "sofia-sip 1.13.6"
| #define PACKAGE_BUGREPORT ""
| #define PACKAGE_URL ""
| #define PACKAGE "sofia-sip"
| #define VERSION "1.13.6"
| #define STDC_HEADERS 1
| #define HAVE_SYS_TYPES_H 1
| #define HAVE_SYS_STAT_H 1
| #define HAVE_STDLIB_H 1
| #define HAVE_STRING_H 1
| #define HAVE_MEMORY_H 1
| #define HAVE_STRINGS_H 1
| #define HAVE_INTTYPES_H 1
| #define HAVE_STDINT_H 1
| #define HAVE_UNISTD_H 1
| #define __EXTENSIONS__ 1
| #define _ALL_SOURCE 1
| #define _GNU_SOURCE 1
| #define _POSIX_PTHREAD_SEMANTICS 1
| #define _TANDEM_SOURCE 1
| #define HAVE_DLFCN_H 1
| #define LT_OBJDIR ".libs/"
| #define STDC_HEADERS 1
| #define RETSIGTYPE void
| #define longlong long long
| #define HAVE_C99_FORMAT 1
| #define LLU "%llu"
| #define LLI "%lli"
| #define LLX "%llx"
| #define MOD_ZD "%zd"
| #define MOD_ZU "%zu"
| #define HAVE_INLINE 1
| /* end confdefs.h.  */
| #ifndef __APPLE_CC__
| 	       not a universal capable compiler
| 	     #endif
| 	     typedef int dummy;
| 
configure:14173: gcc -c  -ggdb -O0  -DSU_DEBUG=0   conftest.c >&5
configure:14173: $? = 0
configure:14191: gcc -c  -ggdb -O0  -DSU_DEBUG=0   conftest.c >&5
conftest.c: In function 'main':
conftest.c:45:4: error: unknown type name 'not'
    not big endian
    ^
conftest.c:45:12: error: expected '=', ',', ';', 'asm' or '__attribute__' before 'endian'
    not big endian
            ^
configure:14191: $? = 1
configure: failed program was:
| /* confdefs.h */
| #define PACKAGE_NAME "sofia-sip"
| #define PACKAGE_TARNAME "sofia-sip"
| #define PACKAGE_VERSION "1.13.6"
| #define PACKAGE_STRING "sofia-sip 1.13.6"
| #define PACKAGE_BUGREPORT ""
| #define PACKAGE_URL ""
| #define PACKAGE "sofia-sip"
| #define VERSION "1.13.6"
| #define STDC_HEADERS 1
| #define HAVE_SYS_TYPES_H 1
| #define HAVE_SYS_STAT_H 1
| #define HAVE_STDLIB_H 1
| #define HAVE_STRING_H 1
| #define HAVE_MEMORY_H 1
| #define HAVE_STRINGS_H 1
| #define HAVE_INTTYPES_H 1
| #define HAVE_STDINT_H 1
| #define HAVE_UNISTD_H 1
| #define __EXTENSIONS__ 1
| #define _ALL_SOURCE 1
| #define _GNU_SOURCE 1
| #define _POSIX_PTHREAD_SEMANTICS 1
| #define _TANDEM_SOURCE 1
| #define HAVE_DLFCN_H 1
| #define LT_OBJDIR ".libs/"
| #define STDC_HEADERS 1
| #define RETSIGTYPE void
| #define longlong long long
| #define HAVE_C99_FORMAT 1
| #define LLU "%llu"
| #define LLI "%lli"
| #define LLX "%llx"
| #define MOD_ZD "%zd"
| #define MOD_ZU "%zu"
| #define HAVE_INLINE 1
| /* end confdefs.h.  */
| #include <sys/types.h>
| 		#include <sys/param.h>
| 
| int
| main ()
| {
| #if BYTE_ORDER != BIG_ENDIAN
| 		 not big endian
| 		#endif
| 
|   ;
|   return 0;
| }
configure:14319: result: no
configure:14342: checking whether gcc recognizes __func__
configure:14359: gcc -c  -ggdb -O0  -DSU_DEBUG=0   conftest.c >&5
conftest.c: In function 'main':
conftest.c:43:11: warning: initialization discards 'const' qualifier from pointer target type [enabled by default]
 char *s = __func__;
           ^
configure:14359: $? = 0
configure:14366: result: yes
configure:14375: checking whether gcc recognizes __FUNCTION__
configure:14393: gcc -c  -ggdb -O0  -DSU_DEBUG=0   conftest.c >&5
conftest.c: In function 'main':
conftest.c:45:11: warning: initialization discards 'const' qualifier from pointer target type [enabled by default]
 char *s = __FUNCTION__;
           ^
configure:14393: $? = 0
configure:14400: result: yes
configure:14410: checking whether gcc recognizes field names in struct initialization
configure:14429: gcc -c  -ggdb -O0  -DSU_DEBUG=0   conftest.c >&5
configure:14429: $? = 0
configure:14436: result: yes
configure:14445: checking whether time.h and sys/time.h may both be included
configure:14465: gcc -c  -ggdb -O0  -DSU_DEBUG=0   conftest.c >&5
configure:14465: $? = 0
configure:14472: result: yes
configure:14480: checking for size_t
configure:14480: gcc -c  -ggdb -O0  -DSU_DEBUG=0   conftest.c >&5
configure:14480: $? = 0
configure:14480: gcc -c  -ggdb -O0  -DSU_DEBUG=0   conftest.c >&5
conftest.c: In function 'main':
conftest.c:79:21: error: expected expression before ')' token
 if (sizeof ((size_t)))
                     ^
configure:14480: $? = 1
configure: failed program was:
| /* confdefs.h */
| #define PACKAGE_NAME "sofia-sip"
| #define PACKAGE_TARNAME "sofia-sip"
| #define PACKAGE_VERSION "1.13.6"
| #define PACKAGE_STRING "sofia-sip 1.13.6"
| #define PACKAGE_BUGREPORT ""
| #define PACKAGE_URL ""
| #define PACKAGE "sofia-sip"
| #define VERSION "1.13.6"
| #define STDC_HEADERS 1
| #define HAVE_SYS_TYPES_H 1
| #define HAVE_SYS_STAT_H 1
| #define HAVE_STDLIB_H 1
| #define HAVE_STRING_H 1
| #define HAVE_MEMORY_H 1
| #define HAVE_STRINGS_H 1
| #define HAVE_INTTYPES_H 1
| #define HAVE_STDINT_H 1
| #define HAVE_UNISTD_H 1
| #define __EXTENSIONS__ 1
| #define _ALL_SOURCE 1
| #define _GNU_SOURCE 1
| #define _POSIX_PTHREAD_SEMANTICS 1
| #define _TANDEM_SOURCE 1
| #define HAVE_DLFCN_H 1
| #define LT_OBJDIR ".libs/"
| #define STDC_HEADERS 1
| #define RETSIGTYPE void
| #define longlong long long
| #define HAVE_C99_FORMAT 1
| #define LLU "%llu"
| #define LLI "%lli"
| #define LLX "%llx"
| #define MOD_ZD "%zd"
| #define MOD_ZU "%zu"
| #define HAVE_INLINE 1
| #define SWITCH_BYTE_ORDER __LITTLE_ENDIAN
| #define HAVE_FUNC 1
| #define HAVE_FUNCTION 1
| #define HAVE_STRUCT_KEYWORDS 1
| #define TIME_WITH_SYS_TIME 1
| /* end confdefs.h.  */
| #include <stdio.h>
| #ifdef HAVE_SYS_TYPES_H
| # include <sys/types.h>
| #endif
| #ifdef HAVE_SYS_STAT_H
| # include <sys/stat.h>
| #endif
| #ifdef STDC_HEADERS
| # include <stdlib.h>
| # include <stddef.h>
| #else
| # ifdef HAVE_STDLIB_H
| #  include <stdlib.h>
| # endif
| #endif
| #ifdef HAVE_STRING_H
| # if !defined STDC_HEADERS && defined HAVE_MEMORY_H
| #  include <memory.h>
| # endif
| # include <string.h>
| #endif
| #ifdef HAVE_STRINGS_H
| # include <strings.h>
| #endif
| #ifdef HAVE_INTTYPES_H
| # include <inttypes.h>
| #endif
| #ifdef HAVE_STDINT_H
| # include <stdint.h>
| #endif
| #ifdef HAVE_UNISTD_H
| # include <unistd.h>
| #endif
| int
| main ()
| {
| if (sizeof ((size_t)))
| 	    return 0;
|   ;
|   return 0;
| }
configure:14480: result: yes
configure:14493: checking for sa_len
configure:14511: gcc -c  -ggdb -O0  -DSU_DEBUG=0   conftest.c >&5
conftest.c: In function 'main':
conftest.c:49:21: error: 'struct sockaddr' has no member named 'sa_len'
  struct sockaddr t;t.sa_len = 0;
                     ^
configure:14511: $? = 1
configure: failed program was:
| /* confdefs.h */
| #define PACKAGE_NAME "sofia-sip"
| #define PACKAGE_TARNAME "sofia-sip"
| #define PACKAGE_VERSION "1.13.6"
| #define PACKAGE_STRING "sofia-sip 1.13.6"
| #define PACKAGE_BUGREPORT ""
| #define PACKAGE_URL ""
| #define PACKAGE "sofia-sip"
| #define VERSION "1.13.6"
| #define STDC_HEADERS 1
| #define HAVE_SYS_TYPES_H 1
| #define HAVE_SYS_STAT_H 1
| #define HAVE_STDLIB_H 1
| #define HAVE_STRING_H 1
| #define HAVE_MEMORY_H 1
| #define HAVE_STRINGS_H 1
| #define HAVE_INTTYPES_H 1
| #define HAVE_STDINT_H 1
| #define HAVE_UNISTD_H 1
| #define __EXTENSIONS__ 1
| #define _ALL_SOURCE 1
| #define _GNU_SOURCE 1
| #define _POSIX_PTHREAD_SEMANTICS 1
| #define _TANDEM_SOURCE 1
| #define HAVE_DLFCN_H 1
| #define LT_OBJDIR ".libs/"
| #define STDC_HEADERS 1
| #define RETSIGTYPE void
| #define longlong long long
| #define HAVE_C99_FORMAT 1
| #define LLU "%llu"
| #define LLI "%lli"
| #define LLX "%llx"
| #define MOD_ZD "%zd"
| #define MOD_ZU "%zu"
| #define HAVE_INLINE 1
| #define SWITCH_BYTE_ORDER __LITTLE_ENDIAN
| #define HAVE_FUNC 1
| #define HAVE_FUNCTION 1
| #define HAVE_STRUCT_KEYWORDS 1
| #define TIME_WITH_SYS_TIME 1
| /* end confdefs.h.  */
| #include <sys/types.h>
| #include <sys/socket.h>
| int
| main ()
| {
| 
|  struct sockaddr t;t.sa_len = 0;
|   ;
|   return 0;
| }
configure:14518: result: no
configure:14536: checking /dev/urandom
configure:14544: result: yes
configure:14577: checking for sys/types.h
configure:14577: result: yes
configure:14589: checking for stdint.h
configure:14589: result: yes
configure:14601: checking for inttypes.h
configure:14601: result: yes
configure:14619: checking pthread.h usability
configure:14619: gcc -c  -ggdb -O0  -DSU_DEBUG=0   conftest.c >&5
configure:14619: $? = 0
configure:14619: result: yes
configure:14619: checking pthread.h presence
configure:14619: gcc -E  conftest.c
configure:14619: $? = 0
configure:14619: result: yes
configure:14619: checking for pthread.h
configure:14619: result: yes
configure:14824: checking for stack suitable for tags
configure:14887: gcc -o conftest  -ggdb -O0  -DSU_DEBUG=0     conftest.c  >&5
configure:14887: $? = 0
configure:14887: ./conftest
configure:14887: $? = 1
configure: program exited with status 1
configure: failed program was:
| /* confdefs.h */
| #define PACKAGE_NAME "sofia-sip"
| #define PACKAGE_TARNAME "sofia-sip"
| #define PACKAGE_VERSION "1.13.6"
| #define PACKAGE_STRING "sofia-sip 1.13.6"
| #define PACKAGE_BUGREPORT ""
| #define PACKAGE_URL ""
| #define PACKAGE "sofia-sip"
| #define VERSION "1.13.6"
| #define STDC_HEADERS 1
| #define HAVE_SYS_TYPES_H 1
| #define HAVE_SYS_STAT_H 1
| #define HAVE_STDLIB_H 1
| #define HAVE_STRING_H 1
| #define HAVE_MEMORY_H 1
| #define HAVE_STRINGS_H 1
| #define HAVE_INTTYPES_H 1
| #define HAVE_STDINT_H 1
| #define HAVE_UNISTD_H 1
| #define __EXTENSIONS__ 1
| #define _ALL_SOURCE 1
| #define _GNU_SOURCE 1
| #define _POSIX_PTHREAD_SEMANTICS 1
| #define _TANDEM_SOURCE 1
| #define HAVE_DLFCN_H 1
| #define LT_OBJDIR ".libs/"
| #define STDC_HEADERS 1
| #define RETSIGTYPE void
| #define longlong long long
| #define HAVE_C99_FORMAT 1
| #define LLU "%llu"
| #define LLI "%lli"
| #define LLX "%llx"
| #define MOD_ZD "%zd"
| #define MOD_ZU "%zu"
| #define HAVE_INLINE 1
| #define SWITCH_BYTE_ORDER __LITTLE_ENDIAN
| #define HAVE_FUNC 1
| #define HAVE_FUNCTION 1
| #define HAVE_STRUCT_KEYWORDS 1
| #define TIME_WITH_SYS_TIME 1
| #define HAVE_DEV_URANDOM 1
| #define DEV_URANDOM 1
| #define SU_HAVE_SYS_TYPES 1
| #define SU_HAVE_STDINT 1
| #define SU_HAVE_INTTYPES 1
| #define SU_HAVE_PTHREADS 1
| #define su_inline static inline
| #define SU_INLINE inline
| #define SU_HAVE_INLINE 1
| #define SU_INLINE_TAG_CAST 1
| #define SOFIA_ISIZE_T int
| #define ISIZE_MAX INT_MAX
| #define SOFIA_ISSIZE_T int
| #define ISSIZE_MAX INT_MAX
| #define SOFIA_USIZE_T unsigned
| #define USIZE_MAX UINT_MAX
| /* end confdefs.h.  */
| 
| #if HAVE_INTTYPES_H
| #include <inttypes.h>
| #endif
| #if HAVE_STDINT_H
| #include <stdint.h>
| #endif
| 
| #include <stdarg.h>
| 
| typedef void *tp;
| typedef intptr_t tv;
| 
| int test1(tv l, tv h, ...)
| {
|   va_list ap;
|   tv i, *p = &l;
| 
|   va_start(ap, h);
| 
|   if (*p++ != l || *p++ != h) return 1;
| 
|   for (i = l; i <= h; i++) {
|     if (*p++ != i)
|       return 1;
|   }
| 
|   for (i = l; i <= h; i++) {
|     if (va_arg(ap, tv) != i)
|       return 1;
|   }
| 
|   va_end(ap);
| 
|   return 0;
| }
| 
| int main(int avc, char **av)
| {
|   return test1((tv)1, (tv)10,
| 	       (tv)1, (tv)2, (tv)3, (tv)4, (tv)5,
| 	       (tv)6, (tv)7, (tv)8, (tv)9, (tv)10);
| }
| 
configure:14897: result: no
configure:14912: checking for graceful free(0)
configure:14935: gcc -o conftest  -ggdb -O0  -DSU_DEBUG=0     conftest.c  >&5
configure:14935: $? = 0
configure:14935: ./conftest
configure:14935: $? = 0
configure:14945: result: yes
configure:14974: checking for sockaddr_in6
configure:14993: result: yes
configure:15015: checking for unistd.h
configure:15015: result: yes
configure:15015: checking sys/time.h usability
configure:15015: gcc -c  -ggdb -O0  -DSU_DEBUG=0   conftest.c >&5
configure:15015: $? = 0
configure:15015: result: yes
configure:15015: checking sys/time.h presence
configure:15015: gcc -E  conftest.c
configure:15015: $? = 0
configure:15015: result: yes
configure:15015: checking for sys/time.h
configure:15015: result: yes
configure:15029: checking fcntl.h usability
configure:15029: gcc -c  -ggdb -O0  -DSU_DEBUG=0   conftest.c >&5
configure:15029: $? = 0
configure:15029: result: yes
configure:15029: checking fcntl.h presence
configure:15029: gcc -E  conftest.c
configure:15029: $? = 0
configure:15029: result: yes
configure:15029: checking for fcntl.h
configure:15029: result: yes
configure:15029: checking dirent.h usability
configure:15029: gcc -c  -ggdb -O0  -DSU_DEBUG=0   conftest.c >&5
configure:15029: $? = 0
configure:15029: result: yes
configure:15029: checking dirent.h presence
configure:15029: gcc -E  conftest.c
configure:15029: $? = 0
configure:15029: result: yes
configure:15029: checking for dirent.h
configure:15029: result: yes
configure:15042: checking winsock2.h usability
configure:15042: gcc -c  -ggdb -O0  -DSU_DEBUG=0   conftest.c >&5
conftest.c:99:22: fatal error: winsock2.h: No such file or directory
 #include <winsock2.h>
                      ^
compilation terminated.
configure:15042: $? = 1
configure: failed program was:
| /* confdefs.h */
| #define PACKAGE_NAME "sofia-sip"
| #define PACKAGE_TARNAME "sofia-sip"
| #define PACKAGE_VERSION "1.13.6"
| #define PACKAGE_STRING "sofia-sip 1.13.6"
| #define PACKAGE_BUGREPORT ""
| #define PACKAGE_URL ""
| #define PACKAGE "sofia-sip"
| #define VERSION "1.13.6"
| #define STDC_HEADERS 1
| #define HAVE_SYS_TYPES_H 1
| #define HAVE_SYS_STAT_H 1
| #define HAVE_STDLIB_H 1
| #define HAVE_STRING_H 1
| #define HAVE_MEMORY_H 1
| #define HAVE_STRINGS_H 1
| #define HAVE_INTTYPES_H 1
| #define HAVE_STDINT_H 1
| #define HAVE_UNISTD_H 1
| #define __EXTENSIONS__ 1
| #define _ALL_SOURCE 1
| #define _GNU_SOURCE 1
| #define _POSIX_PTHREAD_SEMANTICS 1
| #define _TANDEM_SOURCE 1
| #define HAVE_DLFCN_H 1
| #define LT_OBJDIR ".libs/"
| #define STDC_HEADERS 1
| #define RETSIGTYPE void
| #define longlong long long
| #define HAVE_C99_FORMAT 1
| #define LLU "%llu"
| #define LLI "%lli"
| #define LLX "%llx"
| #define MOD_ZD "%zd"
| #define MOD_ZU "%zu"
| #define HAVE_INLINE 1
| #define SWITCH_BYTE_ORDER __LITTLE_ENDIAN
| #define HAVE_FUNC 1
| #define HAVE_FUNCTION 1
| #define HAVE_STRUCT_KEYWORDS 1
| #define TIME_WITH_SYS_TIME 1
| #define HAVE_DEV_URANDOM 1
| #define DEV_URANDOM 1
| #define SU_HAVE_SYS_TYPES 1
| #define SU_HAVE_STDINT 1
| #define SU_HAVE_INTTYPES 1
| #define SU_HAVE_PTHREADS 1
| #define su_inline static inline
| #define SU_INLINE inline
| #define SU_HAVE_INLINE 1
| #define SU_INLINE_TAG_CAST 1
| #define SOFIA_ISIZE_T int
| #define ISIZE_MAX INT_MAX
| #define SOFIA_ISSIZE_T int
| #define ISSIZE_MAX INT_MAX
| #define SOFIA_USIZE_T unsigned
| #define USIZE_MAX UINT_MAX
| #define HAVE_FREE_NULL 1
| #define HAVE_SIN6 1
| #define SU_HAVE_IN6 1
| #define HAVE_UNISTD_H 1
| #define HAVE_SYS_TIME_H 1
| #define HAVE_FCNTL_H 1
| #define HAVE_DIRENT_H 1
| /* end confdefs.h.  */
| #include <stdio.h>
| #ifdef HAVE_SYS_TYPES_H
| # include <sys/types.h>
| #endif
| #ifdef HAVE_SYS_STAT_H
| # include <sys/stat.h>
| #endif
| #ifdef STDC_HEADERS
| # include <stdlib.h>
| # include <stddef.h>
| #else
| # ifdef HAVE_STDLIB_H
| #  include <stdlib.h>
| # endif
| #endif
| #ifdef HAVE_STRING_H
| # if !defined STDC_HEADERS && defined HAVE_MEMORY_H
| #  include <memory.h>
| # endif
| # include <string.h>
| #endif
| #ifdef HAVE_STRINGS_H
| # include <strings.h>
| #endif
| #ifdef HAVE_INTTYPES_H
| # include <inttypes.h>
| #endif
| #ifdef HAVE_STDINT_H
| # include <stdint.h>
| #endif
| #ifdef HAVE_UNISTD_H
| # include <unistd.h>
| #endif
| #include <winsock2.h>
configure:15042: result: no
configure:15042: checking winsock2.h presence
configure:15042: gcc -E  conftest.c
conftest.c:66:22: fatal error: winsock2.h: No such file or directory
 #include <winsock2.h>
                      ^
compilation terminated.
configure:15042: $? = 1
configure: failed program was:
| /* confdefs.h */
| #define PACKAGE_NAME "sofia-sip"
| #define PACKAGE_TARNAME "sofia-sip"
| #define PACKAGE_VERSION "1.13.6"
| #define PACKAGE_STRING "sofia-sip 1.13.6"
| #define PACKAGE_BUGREPORT ""
| #define PACKAGE_URL ""
| #define PACKAGE "sofia-sip"
| #define VERSION "1.13.6"
| #define STDC_HEADERS 1
| #define HAVE_SYS_TYPES_H 1
| #define HAVE_SYS_STAT_H 1
| #define HAVE_STDLIB_H 1
| #define HAVE_STRING_H 1
| #define HAVE_MEMORY_H 1
| #define HAVE_STRINGS_H 1
| #define HAVE_INTTYPES_H 1
| #define HAVE_STDINT_H 1
| #define HAVE_UNISTD_H 1
| #define __EXTENSIONS__ 1
| #define _ALL_SOURCE 1
| #define _GNU_SOURCE 1
| #define _POSIX_PTHREAD_SEMANTICS 1
| #define _TANDEM_SOURCE 1
| #define HAVE_DLFCN_H 1
| #define LT_OBJDIR ".libs/"
| #define STDC_HEADERS 1
| #define RETSIGTYPE void
| #define longlong long long
| #define HAVE_C99_FORMAT 1
| #define LLU "%llu"
| #define LLI "%lli"
| #define LLX "%llx"
| #define MOD_ZD "%zd"
| #define MOD_ZU "%zu"
| #define HAVE_INLINE 1
| #define SWITCH_BYTE_ORDER __LITTLE_ENDIAN
| #define HAVE_FUNC 1
| #define HAVE_FUNCTION 1
| #define HAVE_STRUCT_KEYWORDS 1
| #define TIME_WITH_SYS_TIME 1
| #define HAVE_DEV_URANDOM 1
| #define DEV_URANDOM 1
| #define SU_HAVE_SYS_TYPES 1
| #define SU_HAVE_STDINT 1
| #define SU_HAVE_INTTYPES 1
| #define SU_HAVE_PTHREADS 1
| #define su_inline static inline
| #define SU_INLINE inline
| #define SU_HAVE_INLINE 1
| #define SU_INLINE_TAG_CAST 1
| #define SOFIA_ISIZE_T int
| #define ISIZE_MAX INT_MAX
| #define SOFIA_ISSIZE_T int
| #define ISSIZE_MAX INT_MAX
| #define SOFIA_USIZE_T unsigned
| #define USIZE_MAX UINT_MAX
| #define HAVE_FREE_NULL 1
| #define HAVE_SIN6 1
| #define SU_HAVE_IN6 1
| #define HAVE_UNISTD_H 1
| #define HAVE_SYS_TIME_H 1
| #define HAVE_FCNTL_H 1
| #define HAVE_DIRENT_H 1
| /* end confdefs.h.  */
| #include <winsock2.h>
configure:15042: result: no
configure:15042: checking for winsock2.h
configure:15042: result: no
configure:15133: checking sys/socket.h usability
configure:15133: gcc -c  -ggdb -O0  -DSU_DEBUG=0   conftest.c >&5
configure:15133: $? = 0
configure:15133: result: yes
configure:15133: checking sys/socket.h presence
configure:15133: gcc -E  conftest.c
configure:15133: $? = 0
configure:15133: result: yes
configure:15133: checking for sys/socket.h
configure:15133: result: yes
configure:15133: checking sys/ioctl.h usability
configure:15133: gcc -c  -ggdb -O0  -DSU_DEBUG=0   conftest.c >&5
configure:15133: $? = 0
configure:15133: result: yes
configure:15133: checking sys/ioctl.h presence
configure:15133: gcc -E  conftest.c
configure:15133: $? = 0
configure:15133: result: yes
configure:15133: checking for sys/ioctl.h
configure:15133: result: yes
configure:15133: checking sys/filio.h usability
configure:15133: gcc -c  -ggdb -O0  -DSU_DEBUG=0   conftest.c >&5
conftest.c:102:23: fatal error: sys/filio.h: No such file or directory
 #include <sys/filio.h>
                       ^
compilation terminated.
configure:15133: $? = 1
configure: failed program was:
| /* confdefs.h */
| #define PACKAGE_NAME "sofia-sip"
| #define PACKAGE_TARNAME "sofia-sip"
| #define PACKAGE_VERSION "1.13.6"
| #define PACKAGE_STRING "sofia-sip 1.13.6"
| #define PACKAGE_BUGREPORT ""
| #define PACKAGE_URL ""
| #define PACKAGE "sofia-sip"
| #define VERSION "1.13.6"
| #define STDC_HEADERS 1
| #define HAVE_SYS_TYPES_H 1
| #define HAVE_SYS_STAT_H 1
| #define HAVE_STDLIB_H 1
| #define HAVE_STRING_H 1
| #define HAVE_MEMORY_H 1
| #define HAVE_STRINGS_H 1
| #define HAVE_INTTYPES_H 1
| #define HAVE_STDINT_H 1
| #define HAVE_UNISTD_H 1
| #define __EXTENSIONS__ 1
| #define _ALL_SOURCE 1
| #define _GNU_SOURCE 1
| #define _POSIX_PTHREAD_SEMANTICS 1
| #define _TANDEM_SOURCE 1
| #define HAVE_DLFCN_H 1
| #define LT_OBJDIR ".libs/"
| #define STDC_HEADERS 1
| #define RETSIGTYPE void
| #define longlong long long
| #define HAVE_C99_FORMAT 1
| #define LLU "%llu"
| #define LLI "%lli"
| #define LLX "%llx"
| #define MOD_ZD "%zd"
| #define MOD_ZU "%zu"
| #define HAVE_INLINE 1
| #define SWITCH_BYTE_ORDER __LITTLE_ENDIAN
| #define HAVE_FUNC 1
| #define HAVE_FUNCTION 1
| #define HAVE_STRUCT_KEYWORDS 1
| #define TIME_WITH_SYS_TIME 1
| #define HAVE_DEV_URANDOM 1
| #define DEV_URANDOM 1
| #define SU_HAVE_SYS_TYPES 1
| #define SU_HAVE_STDINT 1
| #define SU_HAVE_INTTYPES 1
| #define SU_HAVE_PTHREADS 1
| #define su_inline static inline
| #define SU_INLINE inline
| #define SU_HAVE_INLINE 1
| #define SU_INLINE_TAG_CAST 1
| #define SOFIA_ISIZE_T int
| #define ISIZE_MAX INT_MAX
| #define SOFIA_ISSIZE_T int
| #define ISSIZE_MAX INT_MAX
| #define SOFIA_USIZE_T unsigned
| #define USIZE_MAX UINT_MAX
| #define HAVE_FREE_NULL 1
| #define HAVE_SIN6 1
| #define SU_HAVE_IN6 1
| #define HAVE_UNISTD_H 1
| #define HAVE_SYS_TIME_H 1
| #define HAVE_FCNTL_H 1
| #define HAVE_DIRENT_H 1
| #define SU_HAVE_BSDSOCK 1
| #define HAVE_SYS_SOCKET_H 1
| #define HAVE_SYS_IOCTL_H 1
| /* end confdefs.h.  */
| #include <stdio.h>
| #ifdef HAVE_SYS_TYPES_H
| # include <sys/types.h>
| #endif
| #ifdef HAVE_SYS_STAT_H
| # include <sys/stat.h>
| #endif
| #ifdef STDC_HEADERS
| # include <stdlib.h>
| # include <stddef.h>
| #else
| # ifdef HAVE_STDLIB_H
| #  include <stdlib.h>
| # endif
| #endif
| #ifdef HAVE_STRING_H
| # if !defined STDC_HEADERS && defined HAVE_MEMORY_H
| #  include <memory.h>
| # endif
| # include <string.h>
| #endif
| #ifdef HAVE_STRINGS_H
| # include <strings.h>
| #endif
| #ifdef HAVE_INTTYPES_H
| # include <inttypes.h>
| #endif
| #ifdef HAVE_STDINT_H
| # include <stdint.h>
| #endif
| #ifdef HAVE_UNISTD_H
| # include <unistd.h>
| #endif
| #include <sys/filio.h>
configure:15133: result: no
configure:15133: checking sys/filio.h presence
configure:15133: gcc -E  conftest.c
conftest.c:69:23: fatal error: sys/filio.h: No such file or directory
 #include <sys/filio.h>
                       ^
compilation terminated.
configure:15133: $? = 1
configure: failed program was:
| /* confdefs.h */
| #define PACKAGE_NAME "sofia-sip"
| #define PACKAGE_TARNAME "sofia-sip"
| #define PACKAGE_VERSION "1.13.6"
| #define PACKAGE_STRING "sofia-sip 1.13.6"
| #define PACKAGE_BUGREPORT ""
| #define PACKAGE_URL ""
| #define PACKAGE "sofia-sip"
| #define VERSION "1.13.6"
| #define STDC_HEADERS 1
| #define HAVE_SYS_TYPES_H 1
| #define HAVE_SYS_STAT_H 1
| #define HAVE_STDLIB_H 1
| #define HAVE_STRING_H 1
| #define HAVE_MEMORY_H 1
| #define HAVE_STRINGS_H 1
| #define HAVE_INTTYPES_H 1
| #define HAVE_STDINT_H 1
| #define HAVE_UNISTD_H 1
| #define __EXTENSIONS__ 1
| #define _ALL_SOURCE 1
| #define _GNU_SOURCE 1
| #define _POSIX_PTHREAD_SEMANTICS 1
| #define _TANDEM_SOURCE 1
| #define HAVE_DLFCN_H 1
| #define LT_OBJDIR ".libs/"
| #define STDC_HEADERS 1
| #define RETSIGTYPE void
| #define longlong long long
| #define HAVE_C99_FORMAT 1
| #define LLU "%llu"
| #define LLI "%lli"
| #define LLX "%llx"
| #define MOD_ZD "%zd"
| #define MOD_ZU "%zu"
| #define HAVE_INLINE 1
| #define SWITCH_BYTE_ORDER __LITTLE_ENDIAN
| #define HAVE_FUNC 1
| #define HAVE_FUNCTION 1
| #define HAVE_STRUCT_KEYWORDS 1
| #define TIME_WITH_SYS_TIME 1
| #define HAVE_DEV_URANDOM 1
| #define DEV_URANDOM 1
| #define SU_HAVE_SYS_TYPES 1
| #define SU_HAVE_STDINT 1
| #define SU_HAVE_INTTYPES 1
| #define SU_HAVE_PTHREADS 1
| #define su_inline static inline
| #define SU_INLINE inline
| #define SU_HAVE_INLINE 1
| #define SU_INLINE_TAG_CAST 1
| #define SOFIA_ISIZE_T int
| #define ISIZE_MAX INT_MAX
| #define SOFIA_ISSIZE_T int
| #define ISSIZE_MAX INT_MAX
| #define SOFIA_USIZE_T unsigned
| #define USIZE_MAX UINT_MAX
| #define HAVE_FREE_NULL 1
| #define HAVE_SIN6 1
| #define SU_HAVE_IN6 1
| #define HAVE_UNISTD_H 1
| #define HAVE_SYS_TIME_H 1
| #define HAVE_FCNTL_H 1
| #define HAVE_DIRENT_H 1
| #define SU_HAVE_BSDSOCK 1
| #define HAVE_SYS_SOCKET_H 1
| #define HAVE_SYS_IOCTL_H 1
| /* end confdefs.h.  */
| #include <sys/filio.h>
configure:15133: result: no
configure:15133: checking for sys/filio.h
configure:15133: result: no
configure:15133: checking sys/sockio.h usability
configure:15133: gcc -c  -ggdb -O0  -DSU_DEBUG=0   conftest.c >&5
conftest.c:102:24: fatal error: sys/sockio.h: No such file or directory
 #include <sys/sockio.h>
                        ^
compilation terminated.
configure:15133: $? = 1
configure: failed program was:
| /* confdefs.h */
| #define PACKAGE_NAME "sofia-sip"
| #define PACKAGE_TARNAME "sofia-sip"
| #define PACKAGE_VERSION "1.13.6"
| #define PACKAGE_STRING "sofia-sip 1.13.6"
| #define PACKAGE_BUGREPORT ""
| #define PACKAGE_URL ""
| #define PACKAGE "sofia-sip"
| #define VERSION "1.13.6"
| #define STDC_HEADERS 1
| #define HAVE_SYS_TYPES_H 1
| #define HAVE_SYS_STAT_H 1
| #define HAVE_STDLIB_H 1
| #define HAVE_STRING_H 1
| #define HAVE_MEMORY_H 1
| #define HAVE_STRINGS_H 1
| #define HAVE_INTTYPES_H 1
| #define HAVE_STDINT_H 1
| #define HAVE_UNISTD_H 1
| #define __EXTENSIONS__ 1
| #define _ALL_SOURCE 1
| #define _GNU_SOURCE 1
| #define _POSIX_PTHREAD_SEMANTICS 1
| #define _TANDEM_SOURCE 1
| #define HAVE_DLFCN_H 1
| #define LT_OBJDIR ".libs/"
| #define STDC_HEADERS 1
| #define RETSIGTYPE void
| #define longlong long long
| #define HAVE_C99_FORMAT 1
| #define LLU "%llu"
| #define LLI "%lli"
| #define LLX "%llx"
| #define MOD_ZD "%zd"
| #define MOD_ZU "%zu"
| #define HAVE_INLINE 1
| #define SWITCH_BYTE_ORDER __LITTLE_ENDIAN
| #define HAVE_FUNC 1
| #define HAVE_FUNCTION 1
| #define HAVE_STRUCT_KEYWORDS 1
| #define TIME_WITH_SYS_TIME 1
| #define HAVE_DEV_URANDOM 1
| #define DEV_URANDOM 1
| #define SU_HAVE_SYS_TYPES 1
| #define SU_HAVE_STDINT 1
| #define SU_HAVE_INTTYPES 1
| #define SU_HAVE_PTHREADS 1
| #define su_inline static inline
| #define SU_INLINE inline
| #define SU_HAVE_INLINE 1
| #define SU_INLINE_TAG_CAST 1
| #define SOFIA_ISIZE_T int
| #define ISIZE_MAX INT_MAX
| #define SOFIA_ISSIZE_T int
| #define ISSIZE_MAX INT_MAX
| #define SOFIA_USIZE_T unsigned
| #define USIZE_MAX UINT_MAX
| #define HAVE_FREE_NULL 1
| #define HAVE_SIN6 1
| #define SU_HAVE_IN6 1
| #define HAVE_UNISTD_H 1
| #define HAVE_SYS_TIME_H 1
| #define HAVE_FCNTL_H 1
| #define HAVE_DIRENT_H 1
| #define SU_HAVE_BSDSOCK 1
| #define HAVE_SYS_SOCKET_H 1
| #define HAVE_SYS_IOCTL_H 1
| /* end confdefs.h.  */
| #include <stdio.h>
| #ifdef HAVE_SYS_TYPES_H
| # include <sys/types.h>
| #endif
| #ifdef HAVE_SYS_STAT_H
| # include <sys/stat.h>
| #endif
| #ifdef STDC_HEADERS
| # include <stdlib.h>
| # include <stddef.h>
| #else
| # ifdef HAVE_STDLIB_H
| #  include <stdlib.h>
| # endif
| #endif
| #ifdef HAVE_STRING_H
| # if !defined STDC_HEADERS && defined HAVE_MEMORY_H
| #  include <memory.h>
| # endif
| # include <string.h>
| #endif
| #ifdef HAVE_STRINGS_H
| # include <strings.h>
| #endif
| #ifdef HAVE_INTTYPES_H
| # include <inttypes.h>
| #endif
| #ifdef HAVE_STDINT_H
| # include <stdint.h>
| #endif
| #ifdef HAVE_UNISTD_H
| # include <unistd.h>
| #endif
| #include <sys/sockio.h>
configure:15133: result: no
configure:15133: checking sys/sockio.h presence
configure:15133: gcc -E  conftest.c
conftest.c:69:24: fatal error: sys/sockio.h: No such file or directory
 #include <sys/sockio.h>
                        ^
compilation terminated.
configure:15133: $? = 1
configure: failed program was:
| /* confdefs.h */
| #define PACKAGE_NAME "sofia-sip"
| #define PACKAGE_TARNAME "sofia-sip"
| #define PACKAGE_VERSION "1.13.6"
| #define PACKAGE_STRING "sofia-sip 1.13.6"
| #define PACKAGE_BUGREPORT ""
| #define PACKAGE_URL ""
| #define PACKAGE "sofia-sip"
| #define VERSION "1.13.6"
| #define STDC_HEADERS 1
| #define HAVE_SYS_TYPES_H 1
| #define HAVE_SYS_STAT_H 1
| #define HAVE_STDLIB_H 1
| #define HAVE_STRING_H 1
| #define HAVE_MEMORY_H 1
| #define HAVE_STRINGS_H 1
| #define HAVE_INTTYPES_H 1
| #define HAVE_STDINT_H 1
| #define HAVE_UNISTD_H 1
| #define __EXTENSIONS__ 1
| #define _ALL_SOURCE 1
| #define _GNU_SOURCE 1
| #define _POSIX_PTHREAD_SEMANTICS 1
| #define _TANDEM_SOURCE 1
| #define HAVE_DLFCN_H 1
| #define LT_OBJDIR ".libs/"
| #define STDC_HEADERS 1
| #define RETSIGTYPE void
| #define longlong long long
| #define HAVE_C99_FORMAT 1
| #define LLU "%llu"
| #define LLI "%lli"
| #define LLX "%llx"
| #define MOD_ZD "%zd"
| #define MOD_ZU "%zu"
| #define HAVE_INLINE 1
| #define SWITCH_BYTE_ORDER __LITTLE_ENDIAN
| #define HAVE_FUNC 1
| #define HAVE_FUNCTION 1
| #define HAVE_STRUCT_KEYWORDS 1
| #define TIME_WITH_SYS_TIME 1
| #define HAVE_DEV_URANDOM 1
| #define DEV_URANDOM 1
| #define SU_HAVE_SYS_TYPES 1
| #define SU_HAVE_STDINT 1
| #define SU_HAVE_INTTYPES 1
| #define SU_HAVE_PTHREADS 1
| #define su_inline static inline
| #define SU_INLINE inline
| #define SU_HAVE_INLINE 1
| #define SU_INLINE_TAG_CAST 1
| #define SOFIA_ISIZE_T int
| #define ISIZE_MAX INT_MAX
| #define SOFIA_ISSIZE_T int
| #define ISSIZE_MAX INT_MAX
| #define SOFIA_USIZE_T unsigned
| #define USIZE_MAX UINT_MAX
| #define HAVE_FREE_NULL 1
| #define HAVE_SIN6 1
| #define SU_HAVE_IN6 1
| #define HAVE_UNISTD_H 1
| #define HAVE_SYS_TIME_H 1
| #define HAVE_FCNTL_H 1
| #define HAVE_DIRENT_H 1
| #define SU_HAVE_BSDSOCK 1
| #define HAVE_SYS_SOCKET_H 1
| #define HAVE_SYS_IOCTL_H 1
| /* end confdefs.h.  */
| #include <sys/sockio.h>
configure:15133: result: no
configure:15133: checking for sys/sockio.h
configure:15133: result: no
configure:15133: checking sys/select.h usability
configure:15133: gcc -c  -ggdb -O0  -DSU_DEBUG=0   conftest.c >&5
configure:15133: $? = 0
configure:15133: result: yes
configure:15133: checking sys/select.h presence
configure:15133: gcc -E  conftest.c
configure:15133: $? = 0
configure:15133: result: yes
configure:15133: checking for sys/select.h
configure:15133: result: yes
configure:15133: checking sys/epoll.h usability
configure:15133: gcc -c  -ggdb -O0  -DSU_DEBUG=0   conftest.c >&5
configure:15133: $? = 0
configure:15133: result: yes
configure:15133: checking sys/epoll.h presence
configure:15133: gcc -E  conftest.c
configure:15133: $? = 0
configure:15133: result: yes
configure:15133: checking for sys/epoll.h
configure:15133: result: yes
configure:15133: checking sys/devpoll.h usability
configure:15133: gcc -c  -ggdb -O0  -DSU_DEBUG=0   conftest.c >&5
conftest.c:104:25: fatal error: sys/devpoll.h: No such file or directory
 #include <sys/devpoll.h>
                         ^
compilation terminated.
configure:15133: $? = 1
configure: failed program was:
| /* confdefs.h */
| #define PACKAGE_NAME "sofia-sip"
| #define PACKAGE_TARNAME "sofia-sip"
| #define PACKAGE_VERSION "1.13.6"
| #define PACKAGE_STRING "sofia-sip 1.13.6"
| #define PACKAGE_BUGREPORT ""
| #define PACKAGE_URL ""
| #define PACKAGE "sofia-sip"
| #define VERSION "1.13.6"
| #define STDC_HEADERS 1
| #define HAVE_SYS_TYPES_H 1
| #define HAVE_SYS_STAT_H 1
| #define HAVE_STDLIB_H 1
| #define HAVE_STRING_H 1
| #define HAVE_MEMORY_H 1
| #define HAVE_STRINGS_H 1
| #define HAVE_INTTYPES_H 1
| #define HAVE_STDINT_H 1
| #define HAVE_UNISTD_H 1
| #define __EXTENSIONS__ 1
| #define _ALL_SOURCE 1
| #define _GNU_SOURCE 1
| #define _POSIX_PTHREAD_SEMANTICS 1
| #define _TANDEM_SOURCE 1
| #define HAVE_DLFCN_H 1
| #define LT_OBJDIR ".libs/"
| #define STDC_HEADERS 1
| #define RETSIGTYPE void
| #define longlong long long
| #define HAVE_C99_FORMAT 1
| #define LLU "%llu"
| #define LLI "%lli"
| #define LLX "%llx"
| #define MOD_ZD "%zd"
| #define MOD_ZU "%zu"
| #define HAVE_INLINE 1
| #define SWITCH_BYTE_ORDER __LITTLE_ENDIAN
| #define HAVE_FUNC 1
| #define HAVE_FUNCTION 1
| #define HAVE_STRUCT_KEYWORDS 1
| #define TIME_WITH_SYS_TIME 1
| #define HAVE_DEV_URANDOM 1
| #define DEV_URANDOM 1
| #define SU_HAVE_SYS_TYPES 1
| #define SU_HAVE_STDINT 1
| #define SU_HAVE_INTTYPES 1
| #define SU_HAVE_PTHREADS 1
| #define su_inline static inline
| #define SU_INLINE inline
| #define SU_HAVE_INLINE 1
| #define SU_INLINE_TAG_CAST 1
| #define SOFIA_ISIZE_T int
| #define ISIZE_MAX INT_MAX
| #define SOFIA_ISSIZE_T int
| #define ISSIZE_MAX INT_MAX
| #define SOFIA_USIZE_T unsigned
| #define USIZE_MAX UINT_MAX
| #define HAVE_FREE_NULL 1
| #define HAVE_SIN6 1
| #define SU_HAVE_IN6 1
| #define HAVE_UNISTD_H 1
| #define HAVE_SYS_TIME_H 1
| #define HAVE_FCNTL_H 1
| #define HAVE_DIRENT_H 1
| #define SU_HAVE_BSDSOCK 1
| #define HAVE_SYS_SOCKET_H 1
| #define HAVE_SYS_IOCTL_H 1
| #define HAVE_SYS_SELECT_H 1
| #define HAVE_SYS_EPOLL_H 1
| /* end confdefs.h.  */
| #include <stdio.h>
| #ifdef HAVE_SYS_TYPES_H
| # include <sys/types.h>
| #endif
| #ifdef HAVE_SYS_STAT_H
| # include <sys/stat.h>
| #endif
| #ifdef STDC_HEADERS
| # include <stdlib.h>
| # include <stddef.h>
| #else
| # ifdef HAVE_STDLIB_H
| #  include <stdlib.h>
| # endif
| #endif
| #ifdef HAVE_STRING_H
| # if !defined STDC_HEADERS && defined HAVE_MEMORY_H
| #  include <memory.h>
| # endif
| # include <string.h>
| #endif
| #ifdef HAVE_STRINGS_H
| # include <strings.h>
| #endif
| #ifdef HAVE_INTTYPES_H
| # include <inttypes.h>
| #endif
| #ifdef HAVE_STDINT_H
| # include <stdint.h>
| #endif
| #ifdef HAVE_UNISTD_H
| # include <unistd.h>
| #endif
| #include <sys/devpoll.h>
configure:15133: result: no
configure:15133: checking sys/devpoll.h presence
configure:15133: gcc -E  conftest.c
conftest.c:71:25: fatal error: sys/devpoll.h: No such file or directory
 #include <sys/devpoll.h>
                         ^
compilation terminated.
configure:15133: $? = 1
configure: failed program was:
| /* confdefs.h */
| #define PACKAGE_NAME "sofia-sip"
| #define PACKAGE_TARNAME "sofia-sip"
| #define PACKAGE_VERSION "1.13.6"
| #define PACKAGE_STRING "sofia-sip 1.13.6"
| #define PACKAGE_BUGREPORT ""
| #define PACKAGE_URL ""
| #define PACKAGE "sofia-sip"
| #define VERSION "1.13.6"
| #define STDC_HEADERS 1
| #define HAVE_SYS_TYPES_H 1
| #define HAVE_SYS_STAT_H 1
| #define HAVE_STDLIB_H 1
| #define HAVE_STRING_H 1
| #define HAVE_MEMORY_H 1
| #define HAVE_STRINGS_H 1
| #define HAVE_INTTYPES_H 1
| #define HAVE_STDINT_H 1
| #define HAVE_UNISTD_H 1
| #define __EXTENSIONS__ 1
| #define _ALL_SOURCE 1
| #define _GNU_SOURCE 1
| #define _POSIX_PTHREAD_SEMANTICS 1
| #define _TANDEM_SOURCE 1
| #define HAVE_DLFCN_H 1
| #define LT_OBJDIR ".libs/"
| #define STDC_HEADERS 1
| #define RETSIGTYPE void
| #define longlong long long
| #define HAVE_C99_FORMAT 1
| #define LLU "%llu"
| #define LLI "%lli"
| #define LLX "%llx"
| #define MOD_ZD "%zd"
| #define MOD_ZU "%zu"
| #define HAVE_INLINE 1
| #define SWITCH_BYTE_ORDER __LITTLE_ENDIAN
| #define HAVE_FUNC 1
| #define HAVE_FUNCTION 1
| #define HAVE_STRUCT_KEYWORDS 1
| #define TIME_WITH_SYS_TIME 1
| #define HAVE_DEV_URANDOM 1
| #define DEV_URANDOM 1
| #define SU_HAVE_SYS_TYPES 1
| #define SU_HAVE_STDINT 1
| #define SU_HAVE_INTTYPES 1
| #define SU_HAVE_PTHREADS 1
| #define su_inline static inline
| #define SU_INLINE inline
| #define SU_HAVE_INLINE 1
| #define SU_INLINE_TAG_CAST 1
| #define SOFIA_ISIZE_T int
| #define ISIZE_MAX INT_MAX
| #define SOFIA_ISSIZE_T int
| #define ISSIZE_MAX INT_MAX
| #define SOFIA_USIZE_T unsigned
| #define USIZE_MAX UINT_MAX
| #define HAVE_FREE_NULL 1
| #define HAVE_SIN6 1
| #define SU_HAVE_IN6 1
| #define HAVE_UNISTD_H 1
| #define HAVE_SYS_TIME_H 1
| #define HAVE_FCNTL_H 1
| #define HAVE_DIRENT_H 1
| #define SU_HAVE_BSDSOCK 1
| #define HAVE_SYS_SOCKET_H 1
| #define HAVE_SYS_IOCTL_H 1
| #define HAVE_SYS_SELECT_H 1
| #define HAVE_SYS_EPOLL_H 1
| /* end confdefs.h.  */
| #include <sys/devpoll.h>
configure:15133: result: no
configure:15133: checking for sys/devpoll.h
configure:15133: result: no
configure:15147: checking for netinet/in.h
configure:15147: gcc -c  -ggdb -O0  -DSU_DEBUG=0   conftest.c >&5
configure:15147: $? = 0
configure:15147: result: yes
configure:15147: checking for arpa/inet.h
configure:15147: gcc -c  -ggdb -O0  -DSU_DEBUG=0   conftest.c >&5
configure:15147: $? = 0
configure:15147: result: yes
configure:15147: checking for netdb.h
configure:15147: gcc -c  -ggdb -O0  -DSU_DEBUG=0   conftest.c >&5
configure:15147: $? = 0
configure:15147: result: yes
configure:15147: checking for net/if.h
configure:15147: gcc -c  -ggdb -O0  -DSU_DEBUG=0   conftest.c >&5
configure:15147: $? = 0
configure:15147: result: yes
configure:15147: checking for net/if_types.h
configure:15147: gcc -c  -ggdb -O0  -DSU_DEBUG=0   conftest.c >&5
conftest.c:79:26: fatal error: net/if_types.h: No such file or directory
 #include <net/if_types.h>
                          ^
compilation terminated.
configure:15147: $? = 1
configure: failed program was:
| /* confdefs.h */
| #define PACKAGE_NAME "sofia-sip"
| #define PACKAGE_TARNAME "sofia-sip"
| #define PACKAGE_VERSION "1.13.6"
| #define PACKAGE_STRING "sofia-sip 1.13.6"
| #define PACKAGE_BUGREPORT ""
| #define PACKAGE_URL ""
| #define PACKAGE "sofia-sip"
| #define VERSION "1.13.6"
| #define STDC_HEADERS 1
| #define HAVE_SYS_TYPES_H 1
| #define HAVE_SYS_STAT_H 1
| #define HAVE_STDLIB_H 1
| #define HAVE_STRING_H 1
| #define HAVE_MEMORY_H 1
| #define HAVE_STRINGS_H 1
| #define HAVE_INTTYPES_H 1
| #define HAVE_STDINT_H 1
| #define HAVE_UNISTD_H 1
| #define __EXTENSIONS__ 1
| #define _ALL_SOURCE 1
| #define _GNU_SOURCE 1
| #define _POSIX_PTHREAD_SEMANTICS 1
| #define _TANDEM_SOURCE 1
| #define HAVE_DLFCN_H 1
| #define LT_OBJDIR ".libs/"
| #define STDC_HEADERS 1
| #define RETSIGTYPE void
| #define longlong long long
| #define HAVE_C99_FORMAT 1
| #define LLU "%llu"
| #define LLI "%lli"
| #define LLX "%llx"
| #define MOD_ZD "%zd"
| #define MOD_ZU "%zu"
| #define HAVE_INLINE 1
| #define SWITCH_BYTE_ORDER __LITTLE_ENDIAN
| #define HAVE_FUNC 1
| #define HAVE_FUNCTION 1
| #define HAVE_STRUCT_KEYWORDS 1
| #define TIME_WITH_SYS_TIME 1
| #define HAVE_DEV_URANDOM 1
| #define DEV_URANDOM 1
| #define SU_HAVE_SYS_TYPES 1
| #define SU_HAVE_STDINT 1
| #define SU_HAVE_INTTYPES 1
| #define SU_HAVE_PTHREADS 1
| #define su_inline static inline
| #define SU_INLINE inline
| #define SU_HAVE_INLINE 1
| #define SU_INLINE_TAG_CAST 1
| #define SOFIA_ISIZE_T int
| #define ISIZE_MAX INT_MAX
| #define SOFIA_ISSIZE_T int
| #define ISSIZE_MAX INT_MAX
| #define SOFIA_USIZE_T unsigned
| #define USIZE_MAX UINT_MAX
| #define HAVE_FREE_NULL 1
| #define HAVE_SIN6 1
| #define SU_HAVE_IN6 1
| #define HAVE_UNISTD_H 1
| #define HAVE_SYS_TIME_H 1
| #define HAVE_FCNTL_H 1
| #define HAVE_DIRENT_H 1
| #define SU_HAVE_BSDSOCK 1
| #define HAVE_SYS_SOCKET_H 1
| #define HAVE_SYS_IOCTL_H 1
| #define HAVE_SYS_SELECT_H 1
| #define HAVE_SYS_EPOLL_H 1
| #define HAVE_NETINET_IN_H 1
| #define HAVE_ARPA_INET_H 1
| #define HAVE_NETDB_H 1
| #define HAVE_NET_IF_H 1
| /* end confdefs.h.  */
| 
| #include <sys/types.h>
| #include <sys/socket.h>
| 
| #include <net/if_types.h>
configure:15147: result: no
configure:15147: checking for ifaddr.h
configure:15147: gcc -c  -ggdb -O0  -DSU_DEBUG=0   conftest.c >&5
conftest.c:79:20: fatal error: ifaddr.h: No such file or directory
 #include <ifaddr.h>
                    ^
compilation terminated.
configure:15147: $? = 1
configure: failed program was:
| /* confdefs.h */
| #define PACKAGE_NAME "sofia-sip"
| #define PACKAGE_TARNAME "sofia-sip"
| #define PACKAGE_VERSION "1.13.6"
| #define PACKAGE_STRING "sofia-sip 1.13.6"
| #define PACKAGE_BUGREPORT ""
| #define PACKAGE_URL ""
| #define PACKAGE "sofia-sip"
| #define VERSION "1.13.6"
| #define STDC_HEADERS 1
| #define HAVE_SYS_TYPES_H 1
| #define HAVE_SYS_STAT_H 1
| #define HAVE_STDLIB_H 1
| #define HAVE_STRING_H 1
| #define HAVE_MEMORY_H 1
| #define HAVE_STRINGS_H 1
| #define HAVE_INTTYPES_H 1
| #define HAVE_STDINT_H 1
| #define HAVE_UNISTD_H 1
| #define __EXTENSIONS__ 1
| #define _ALL_SOURCE 1
| #define _GNU_SOURCE 1
| #define _POSIX_PTHREAD_SEMANTICS 1
| #define _TANDEM_SOURCE 1
| #define HAVE_DLFCN_H 1
| #define LT_OBJDIR ".libs/"
| #define STDC_HEADERS 1
| #define RETSIGTYPE void
| #define longlong long long
| #define HAVE_C99_FORMAT 1
| #define LLU "%llu"
| #define LLI "%lli"
| #define LLX "%llx"
| #define MOD_ZD "%zd"
| #define MOD_ZU "%zu"
| #define HAVE_INLINE 1
| #define SWITCH_BYTE_ORDER __LITTLE_ENDIAN
| #define HAVE_FUNC 1
| #define HAVE_FUNCTION 1
| #define HAVE_STRUCT_KEYWORDS 1
| #define TIME_WITH_SYS_TIME 1
| #define HAVE_DEV_URANDOM 1
| #define DEV_URANDOM 1
| #define SU_HAVE_SYS_TYPES 1
| #define SU_HAVE_STDINT 1
| #define SU_HAVE_INTTYPES 1
| #define SU_HAVE_PTHREADS 1
| #define su_inline static inline
| #define SU_INLINE inline
| #define SU_HAVE_INLINE 1
| #define SU_INLINE_TAG_CAST 1
| #define SOFIA_ISIZE_T int
| #define ISIZE_MAX INT_MAX
| #define SOFIA_ISSIZE_T int
| #define ISSIZE_MAX INT_MAX
| #define SOFIA_USIZE_T unsigned
| #define USIZE_MAX UINT_MAX
| #define HAVE_FREE_NULL 1
| #define HAVE_SIN6 1
| #define SU_HAVE_IN6 1
| #define HAVE_UNISTD_H 1
| #define HAVE_SYS_TIME_H 1
| #define HAVE_FCNTL_H 1
| #define HAVE_DIRENT_H 1
| #define SU_HAVE_BSDSOCK 1
| #define HAVE_SYS_SOCKET_H 1
| #define HAVE_SYS_IOCTL_H 1
| #define HAVE_SYS_SELECT_H 1
| #define HAVE_SYS_EPOLL_H 1
| #define HAVE_NETINET_IN_H 1
| #define HAVE_ARPA_INET_H 1
| #define HAVE_NETDB_H 1
| #define HAVE_NET_IF_H 1
| /* end confdefs.h.  */
| 
| #include <sys/types.h>
| #include <sys/socket.h>
| 
| #include <ifaddr.h>
configure:15147: result: no
configure:15147: checking for netpacket/packet.h
configure:15147: gcc -c  -ggdb -O0  -DSU_DEBUG=0   conftest.c >&5
configure:15147: $? = 0
configure:15147: result: yes
configure:15161: checking whether MSG_TRUNC is declared
configure:15161: gcc -c  -ggdb -O0  -DSU_DEBUG=0   conftest.c >&5
configure:15161: $? = 0
configure:15161: result: yes
configure:15172: checking whether SO_RCVBUFFORCE is declared
configure:15172: gcc -c  -ggdb -O0  -DSU_DEBUG=0   conftest.c >&5
configure:15172: $? = 0
configure:15172: result: yes
configure:15183: checking whether SO_SNDBUFFORCE is declared
configure:15183: gcc -c  -ggdb -O0  -DSU_DEBUG=0   conftest.c >&5
configure:15183: $? = 0
configure:15183: result: yes
configure:15194: checking whether IP_ADD_MEMBERSHIP is declared
configure:15194: gcc -c  -ggdb -O0  -DSU_DEBUG=0   conftest.c >&5
configure:15194: $? = 0
configure:15194: result: yes
configure:15206: checking whether IP_MULTICAST_LOOP is declared
configure:15206: gcc -c  -ggdb -O0  -DSU_DEBUG=0   conftest.c >&5
configure:15206: $? = 0
configure:15206: result: yes
configure:15218: checking whether IP_MTU_DISCOVER is declared
configure:15218: gcc -c  -ggdb -O0  -DSU_DEBUG=0   conftest.c >&5
configure:15218: $? = 0
configure:15218: result: yes
configure:15230: checking for struct addrinfo
configure:15254: result: yes
configure:15265: checking for struct sockaddr_storage
configure:15289: result: yes
configure:15299: checking for field ifr_index in struct ifreq
configure:15324: gcc -c  -ggdb -O0  -DSU_DEBUG=0   conftest.c >&5
conftest.c: In function 'main':
conftest.c:93:45: error: 'struct ifreq' has no member named 'ifr_index'
 struct ifreq ifreq; int index; index = ifreq.ifr_index;
                                             ^
configure:15324: $? = 1
configure: failed program was:
| /* confdefs.h */
| #define PACKAGE_NAME "sofia-sip"
| #define PACKAGE_TARNAME "sofia-sip"
| #define PACKAGE_VERSION "1.13.6"
| #define PACKAGE_STRING "sofia-sip 1.13.6"
| #define PACKAGE_BUGREPORT ""
| #define PACKAGE_URL ""
| #define PACKAGE "sofia-sip"
| #define VERSION "1.13.6"
| #define STDC_HEADERS 1
| #define HAVE_SYS_TYPES_H 1
| #define HAVE_SYS_STAT_H 1
| #define HAVE_STDLIB_H 1
| #define HAVE_STRING_H 1
| #define HAVE_MEMORY_H 1
| #define HAVE_STRINGS_H 1
| #define HAVE_INTTYPES_H 1
| #define HAVE_STDINT_H 1
| #define HAVE_UNISTD_H 1
| #define __EXTENSIONS__ 1
| #define _ALL_SOURCE 1
| #define _GNU_SOURCE 1
| #define _POSIX_PTHREAD_SEMANTICS 1
| #define _TANDEM_SOURCE 1
| #define HAVE_DLFCN_H 1
| #define LT_OBJDIR ".libs/"
| #define STDC_HEADERS 1
| #define RETSIGTYPE void
| #define longlong long long
| #define HAVE_C99_FORMAT 1
| #define LLU "%llu"
| #define LLI "%lli"
| #define LLX "%llx"
| #define MOD_ZD "%zd"
| #define MOD_ZU "%zu"
| #define HAVE_INLINE 1
| #define SWITCH_BYTE_ORDER __LITTLE_ENDIAN
| #define HAVE_FUNC 1
| #define HAVE_FUNCTION 1
| #define HAVE_STRUCT_KEYWORDS 1
| #define TIME_WITH_SYS_TIME 1
| #define HAVE_DEV_URANDOM 1
| #define DEV_URANDOM 1
| #define SU_HAVE_SYS_TYPES 1
| #define SU_HAVE_STDINT 1
| #define SU_HAVE_INTTYPES 1
| #define SU_HAVE_PTHREADS 1
| #define su_inline static inline
| #define SU_INLINE inline
| #define SU_HAVE_INLINE 1
| #define SU_INLINE_TAG_CAST 1
| #define SOFIA_ISIZE_T int
| #define ISIZE_MAX INT_MAX
| #define SOFIA_ISSIZE_T int
| #define ISSIZE_MAX INT_MAX
| #define SOFIA_USIZE_T unsigned
| #define USIZE_MAX UINT_MAX
| #define HAVE_FREE_NULL 1
| #define HAVE_SIN6 1
| #define SU_HAVE_IN6 1
| #define HAVE_UNISTD_H 1
| #define HAVE_SYS_TIME_H 1
| #define HAVE_FCNTL_H 1
| #define HAVE_DIRENT_H 1
| #define SU_HAVE_BSDSOCK 1
| #define HAVE_SYS_SOCKET_H 1
| #define HAVE_SYS_IOCTL_H 1
| #define HAVE_SYS_SELECT_H 1
| #define HAVE_SYS_EPOLL_H 1
| #define HAVE_NETINET_IN_H 1
| #define HAVE_ARPA_INET_H 1
| #define HAVE_NETDB_H 1
| #define HAVE_NET_IF_H 1
| #define HAVE_NETPACKET_PACKET_H 1
| #define HAVE_MSG_TRUNC 1
| #define HAVE_SO_RCVBUFFORCE 1
| #define HAVE_SO_SNDBUFFORCE 1
| #define HAVE_IP_ADD_MEMBERSHIP 1
| #define HAVE_IP_MULTICAST_LOOP 1
| #define HAVE_IP_MTU_DISCOVER 1
| #define SU_HAVE_ADDRINFO 1
| #define SU_HAVE_SOCKADDR_STORAGE 1
| /* end confdefs.h.  */
| #include <sys/types.h>
| #include <arpa/inet.h>
| #include <netdb.h>
| #include <sys/socket.h>
| #include <net/if.h>
| int
| main ()
| {
| 
| struct ifreq ifreq; int index; index = ifreq.ifr_index;
| 
|   ;
|   return 0;
| }
configure:15333: result: no
configure:15341: checking for field ifr_ifindex in struct ifreq
configure:15366: gcc -c  -ggdb -O0  -DSU_DEBUG=0   conftest.c >&5
configure:15366: $? = 0
configure:15375: result: yes
configure:15386: checking for struct ifconf
configure:15409: result: yes
configure:15417: checking for ioctl SIOCGIFNUM
configure:15444: result: sys/sockio.h missing
configure:15465: checking for pthread_create in -lpthread
configure:15490: gcc -o conftest  -ggdb -O0  -DSU_DEBUG=0     conftest.c -lpthread   >&5
configure:15490: $? = 0
configure:15499: result: yes
configure:15510: checking for socketpair in -lsocket
configure:15535: gcc -o conftest  -ggdb -O0  -DSU_DEBUG=0     conftest.c -lsocket -lnsl -lpthread  >&5
/usr/bin/ld: cannot find -lsocket
collect2: error: ld returned 1 exit status
configure:15535: $? = 1
configure: failed program was:
| /* confdefs.h */
| #define PACKAGE_NAME "sofia-sip"
| #define PACKAGE_TARNAME "sofia-sip"
| #define PACKAGE_VERSION "1.13.6"
| #define PACKAGE_STRING "sofia-sip 1.13.6"
| #define PACKAGE_BUGREPORT ""
| #define PACKAGE_URL ""
| #define PACKAGE "sofia-sip"
| #define VERSION "1.13.6"
| #define STDC_HEADERS 1
| #define HAVE_SYS_TYPES_H 1
| #define HAVE_SYS_STAT_H 1
| #define HAVE_STDLIB_H 1
| #define HAVE_STRING_H 1
| #define HAVE_MEMORY_H 1
| #define HAVE_STRINGS_H 1
| #define HAVE_INTTYPES_H 1
| #define HAVE_STDINT_H 1
| #define HAVE_UNISTD_H 1
| #define __EXTENSIONS__ 1
| #define _ALL_SOURCE 1
| #define _GNU_SOURCE 1
| #define _POSIX_PTHREAD_SEMANTICS 1
| #define _TANDEM_SOURCE 1
| #define HAVE_DLFCN_H 1
| #define LT_OBJDIR ".libs/"
| #define STDC_HEADERS 1
| #define RETSIGTYPE void
| #define longlong long long
| #define HAVE_C99_FORMAT 1
| #define LLU "%llu"
| #define LLI "%lli"
| #define LLX "%llx"
| #define MOD_ZD "%zd"
| #define MOD_ZU "%zu"
| #define HAVE_INLINE 1
| #define SWITCH_BYTE_ORDER __LITTLE_ENDIAN
| #define HAVE_FUNC 1
| #define HAVE_FUNCTION 1
| #define HAVE_STRUCT_KEYWORDS 1
| #define TIME_WITH_SYS_TIME 1
| #define HAVE_DEV_URANDOM 1
| #define DEV_URANDOM 1
| #define SU_HAVE_SYS_TYPES 1
| #define SU_HAVE_STDINT 1
| #define SU_HAVE_INTTYPES 1
| #define SU_HAVE_PTHREADS 1
| #define su_inline static inline
| #define SU_INLINE inline
| #define SU_HAVE_INLINE 1
| #define SU_INLINE_TAG_CAST 1
| #define SOFIA_ISIZE_T int
| #define ISIZE_MAX INT_MAX
| #define SOFIA_ISSIZE_T int
| #define ISSIZE_MAX INT_MAX
| #define SOFIA_USIZE_T unsigned
| #define USIZE_MAX UINT_MAX
| #define HAVE_FREE_NULL 1
| #define HAVE_SIN6 1
| #define SU_HAVE_IN6 1
| #define HAVE_UNISTD_H 1
| #define HAVE_SYS_TIME_H 1
| #define HAVE_FCNTL_H 1
| #define HAVE_DIRENT_H 1
| #define SU_HAVE_BSDSOCK 1
| #define HAVE_SYS_SOCKET_H 1
| #define HAVE_SYS_IOCTL_H 1
| #define HAVE_SYS_SELECT_H 1
| #define HAVE_SYS_EPOLL_H 1
| #define HAVE_NETINET_IN_H 1
| #define HAVE_ARPA_INET_H 1
| #define HAVE_NETDB_H 1
| #define HAVE_NET_IF_H 1
| #define HAVE_NETPACKET_PACKET_H 1
| #define HAVE_MSG_TRUNC 1
| #define HAVE_SO_RCVBUFFORCE 1
| #define HAVE_SO_SNDBUFFORCE 1
| #define HAVE_IP_ADD_MEMBERSHIP 1
| #define HAVE_IP_MULTICAST_LOOP 1
| #define HAVE_IP_MTU_DISCOVER 1
| #define SU_HAVE_ADDRINFO 1
| #define SU_HAVE_SOCKADDR_STORAGE 1
| #define HAVE_IFR_IFINDEX 1
| #define HAVE_IFCONF 1
| #define HAVE_LIBPTHREAD 1
| /* end confdefs.h.  */
| 
| /* Override any GCC internal prototype to avoid an error.
|    Use char because int might match the return type of a GCC
|    builtin and then its argument prototype would still apply.  */
| #ifdef __cplusplus
| extern "C"
| #endif
| char socketpair ();
| int
| main ()
| {
| return socketpair ();
|   ;
|   return 0;
| }
configure:15544: result: no
configure:15563: checking for library containing clock_gettime
configure:15594: gcc -o conftest  -ggdb -O0  -DSU_DEBUG=0     conftest.c -lpthread  >&5
configure:15594: $? = 0
configure:15611: result: none required
configure:15622: checking for clock_gettime
configure:15622: gcc -o conftest  -ggdb -O0  -DSU_DEBUG=0     conftest.c -lpthread  >&5
configure:15622: $? = 0
configure:15622: result: yes
configure:15622: checking for clock_getcpuclockid
configure:15622: gcc -o conftest  -ggdb -O0  -DSU_DEBUG=0     conftest.c -lpthread  >&5
configure:15622: $? = 0
configure:15622: result: yes
configure:15631: checking whether CLOCK_MONOTONIC is declared
configure:15631: gcc -c  -ggdb -O0  -DSU_DEBUG=0   conftest.c >&5
configure:15631: $? = 0
configure:15631: result: yes
configure:15677: checking for pkg-config
configure:15695: found /usr/bin/pkg-config
configure:15708: result: /usr/bin/pkg-config
configure:15726: checking for glib-2.0
configure:15730: result: yes
configure:15734: checking GLIB_CFLAGS
configure:15737: result: -I/usr/include/glib-2.0 -I/usr/lib64/glib-2.0/include  
configure:15740: checking GLIB_LIBS
configure:15743: result: -lglib-2.0  
configure:15825: checking for library containing socket
configure:15856: gcc -o conftest  -ggdb -O0  -DSU_DEBUG=0     conftest.c -lpthread  >&5
configure:15856: $? = 0
configure:15873: result: none required
configure:15881: checking for library containing inet_ntop
configure:15912: gcc -o conftest  -ggdb -O0  -DSU_DEBUG=0     conftest.c -lpthread  >&5
configure:15912: $? = 0
configure:15929: result: none required
configure:15937: checking for library containing getipnodebyname
configure:15968: gcc -o conftest  -ggdb -O0  -DSU_DEBUG=0     conftest.c -lpthread  >&5
/tmp/ccedRDWz.o: In function `main':
/home/stack_changes/sofia-sip/conftest.c:101: undefined reference to `getipnodebyname'
collect2: error: ld returned 1 exit status
configure:15968: $? = 1
configure: failed program was:
| /* confdefs.h */
| #define PACKAGE_NAME "sofia-sip"
| #define PACKAGE_TARNAME "sofia-sip"
| #define PACKAGE_VERSION "1.13.6"
| #define PACKAGE_STRING "sofia-sip 1.13.6"
| #define PACKAGE_BUGREPORT ""
| #define PACKAGE_URL ""
| #define PACKAGE "sofia-sip"
| #define VERSION "1.13.6"
| #define STDC_HEADERS 1
| #define HAVE_SYS_TYPES_H 1
| #define HAVE_SYS_STAT_H 1
| #define HAVE_STDLIB_H 1
| #define HAVE_STRING_H 1
| #define HAVE_MEMORY_H 1
| #define HAVE_STRINGS_H 1
| #define HAVE_INTTYPES_H 1
| #define HAVE_STDINT_H 1
| #define HAVE_UNISTD_H 1
| #define __EXTENSIONS__ 1
| #define _ALL_SOURCE 1
| #define _GNU_SOURCE 1
| #define _POSIX_PTHREAD_SEMANTICS 1
| #define _TANDEM_SOURCE 1
| #define HAVE_DLFCN_H 1
| #define LT_OBJDIR ".libs/"
| #define STDC_HEADERS 1
| #define RETSIGTYPE void
| #define longlong long long
| #define HAVE_C99_FORMAT 1
| #define LLU "%llu"
| #define LLI "%lli"
| #define LLX "%llx"
| #define MOD_ZD "%zd"
| #define MOD_ZU "%zu"
| #define HAVE_INLINE 1
| #define SWITCH_BYTE_ORDER __LITTLE_ENDIAN
| #define HAVE_FUNC 1
| #define HAVE_FUNCTION 1
| #define HAVE_STRUCT_KEYWORDS 1
| #define TIME_WITH_SYS_TIME 1
| #define HAVE_DEV_URANDOM 1
| #define DEV_URANDOM 1
| #define SU_HAVE_SYS_TYPES 1
| #define SU_HAVE_STDINT 1
| #define SU_HAVE_INTTYPES 1
| #define SU_HAVE_PTHREADS 1
| #define su_inline static inline
| #define SU_INLINE inline
| #define SU_HAVE_INLINE 1
| #define SU_INLINE_TAG_CAST 1
| #define SOFIA_ISIZE_T int
| #define ISIZE_MAX INT_MAX
| #define SOFIA_ISSIZE_T int
| #define ISSIZE_MAX INT_MAX
| #define SOFIA_USIZE_T unsigned
| #define USIZE_MAX UINT_MAX
| #define HAVE_FREE_NULL 1
| #define HAVE_SIN6 1
| #define SU_HAVE_IN6 1
| #define HAVE_UNISTD_H 1
| #define HAVE_SYS_TIME_H 1
| #define HAVE_FCNTL_H 1
| #define HAVE_DIRENT_H 1
| #define SU_HAVE_BSDSOCK 1
| #define HAVE_SYS_SOCKET_H 1
| #define HAVE_SYS_IOCTL_H 1
| #define HAVE_SYS_SELECT_H 1
| #define HAVE_SYS_EPOLL_H 1
| #define HAVE_NETINET_IN_H 1
| #define HAVE_ARPA_INET_H 1
| #define HAVE_NETDB_H 1
| #define HAVE_NET_IF_H 1
| #define HAVE_NETPACKET_PACKET_H 1
| #define HAVE_MSG_TRUNC 1
| #define HAVE_SO_RCVBUFFORCE 1
| #define HAVE_SO_SNDBUFFORCE 1
| #define HAVE_IP_ADD_MEMBERSHIP 1
| #define HAVE_IP_MULTICAST_LOOP 1
| #define HAVE_IP_MTU_DISCOVER 1
| #define SU_HAVE_ADDRINFO 1
| #define SU_HAVE_SOCKADDR_STORAGE 1
| #define HAVE_IFR_IFINDEX 1
| #define HAVE_IFCONF 1
| #define HAVE_LIBPTHREAD 1
| #define HAVE_CLOCK_GETTIME 1
| #define HAVE_CLOCK_GETCPUCLOCKID 1
| #define HAVE_CLOCK_MONOTONIC 1
| /* end confdefs.h.  */
| 
| /* Override any GCC internal prototype to avoid an error.
|    Use char because int might match the return type of a GCC
|    builtin and then its argument prototype would still apply.  */
| #ifdef __cplusplus
| extern "C"
| #endif
| char getipnodebyname ();
| int
| main ()
| {
| return getipnodebyname ();
|   ;
|   return 0;
| }
configure:15968: gcc -o conftest  -ggdb -O0  -DSU_DEBUG=0     conftest.c -lxnet  -lpthread  >&5
/usr/bin/ld: cannot find -lxnet
collect2: error: ld returned 1 exit status
configure:15968: $? = 1
configure: failed program was:
| /* confdefs.h */
| #define PACKAGE_NAME "sofia-sip"
| #define PACKAGE_TARNAME "sofia-sip"
| #define PACKAGE_VERSION "1.13.6"
| #define PACKAGE_STRING "sofia-sip 1.13.6"
| #define PACKAGE_BUGREPORT ""
| #define PACKAGE_URL ""
| #define PACKAGE "sofia-sip"
| #define VERSION "1.13.6"
| #define STDC_HEADERS 1
| #define HAVE_SYS_TYPES_H 1
| #define HAVE_SYS_STAT_H 1
| #define HAVE_STDLIB_H 1
| #define HAVE_STRING_H 1
| #define HAVE_MEMORY_H 1
| #define HAVE_STRINGS_H 1
| #define HAVE_INTTYPES_H 1
| #define HAVE_STDINT_H 1
| #define HAVE_UNISTD_H 1
| #define __EXTENSIONS__ 1
| #define _ALL_SOURCE 1
| #define _GNU_SOURCE 1
| #define _POSIX_PTHREAD_SEMANTICS 1
| #define _TANDEM_SOURCE 1
| #define HAVE_DLFCN_H 1
| #define LT_OBJDIR ".libs/"
| #define STDC_HEADERS 1
| #define RETSIGTYPE void
| #define longlong long long
| #define HAVE_C99_FORMAT 1
| #define LLU "%llu"
| #define LLI "%lli"
| #define LLX "%llx"
| #define MOD_ZD "%zd"
| #define MOD_ZU "%zu"
| #define HAVE_INLINE 1
| #define SWITCH_BYTE_ORDER __LITTLE_ENDIAN
| #define HAVE_FUNC 1
| #define HAVE_FUNCTION 1
| #define HAVE_STRUCT_KEYWORDS 1
| #define TIME_WITH_SYS_TIME 1
| #define HAVE_DEV_URANDOM 1
| #define DEV_URANDOM 1
| #define SU_HAVE_SYS_TYPES 1
| #define SU_HAVE_STDINT 1
| #define SU_HAVE_INTTYPES 1
| #define SU_HAVE_PTHREADS 1
| #define su_inline static inline
| #define SU_INLINE inline
| #define SU_HAVE_INLINE 1
| #define SU_INLINE_TAG_CAST 1
| #define SOFIA_ISIZE_T int
| #define ISIZE_MAX INT_MAX
| #define SOFIA_ISSIZE_T int
| #define ISSIZE_MAX INT_MAX
| #define SOFIA_USIZE_T unsigned
| #define USIZE_MAX UINT_MAX
| #define HAVE_FREE_NULL 1
| #define HAVE_SIN6 1
| #define SU_HAVE_IN6 1
| #define HAVE_UNISTD_H 1
| #define HAVE_SYS_TIME_H 1
| #define HAVE_FCNTL_H 1
| #define HAVE_DIRENT_H 1
| #define SU_HAVE_BSDSOCK 1
| #define HAVE_SYS_SOCKET_H 1
| #define HAVE_SYS_IOCTL_H 1
| #define HAVE_SYS_SELECT_H 1
| #define HAVE_SYS_EPOLL_H 1
| #define HAVE_NETINET_IN_H 1
| #define HAVE_ARPA_INET_H 1
| #define HAVE_NETDB_H 1
| #define HAVE_NET_IF_H 1
| #define HAVE_NETPACKET_PACKET_H 1
| #define HAVE_MSG_TRUNC 1
| #define HAVE_SO_RCVBUFFORCE 1
| #define HAVE_SO_SNDBUFFORCE 1
| #define HAVE_IP_ADD_MEMBERSHIP 1
| #define HAVE_IP_MULTICAST_LOOP 1
| #define HAVE_IP_MTU_DISCOVER 1
| #define SU_HAVE_ADDRINFO 1
| #define SU_HAVE_SOCKADDR_STORAGE 1
| #define HAVE_IFR_IFINDEX 1
| #define HAVE_IFCONF 1
| #define HAVE_LIBPTHREAD 1
| #define HAVE_CLOCK_GETTIME 1
| #define HAVE_CLOCK_GETCPUCLOCKID 1
| #define HAVE_CLOCK_MONOTONIC 1
| /* end confdefs.h.  */
| 
| /* Override any GCC internal prototype to avoid an error.
|    Use char because int might match the return type of a GCC
|    builtin and then its argument prototype would still apply.  */
| #ifdef __cplusplus
| extern "C"
| #endif
| char getipnodebyname ();
| int
| main ()
| {
| return getipnodebyname ();
|   ;
|   return 0;
| }
configure:15968: gcc -o conftest  -ggdb -O0  -DSU_DEBUG=0     conftest.c -lsocket  -lpthread  >&5
/usr/bin/ld: cannot find -lsocket
collect2: error: ld returned 1 exit status
configure:15968: $? = 1
configure: failed program was:
| /* confdefs.h */
| #define PACKAGE_NAME "sofia-sip"
| #define PACKAGE_TARNAME "sofia-sip"
| #define PACKAGE_VERSION "1.13.6"
| #define PACKAGE_STRING "sofia-sip 1.13.6"
| #define PACKAGE_BUGREPORT ""
| #define PACKAGE_URL ""
| #define PACKAGE "sofia-sip"
| #define VERSION "1.13.6"
| #define STDC_HEADERS 1
| #define HAVE_SYS_TYPES_H 1
| #define HAVE_SYS_STAT_H 1
| #define HAVE_STDLIB_H 1
| #define HAVE_STRING_H 1
| #define HAVE_MEMORY_H 1
| #define HAVE_STRINGS_H 1
| #define HAVE_INTTYPES_H 1
| #define HAVE_STDINT_H 1
| #define HAVE_UNISTD_H 1
| #define __EXTENSIONS__ 1
| #define _ALL_SOURCE 1
| #define _GNU_SOURCE 1
| #define _POSIX_PTHREAD_SEMANTICS 1
| #define _TANDEM_SOURCE 1
| #define HAVE_DLFCN_H 1
| #define LT_OBJDIR ".libs/"
| #define STDC_HEADERS 1
| #define RETSIGTYPE void
| #define longlong long long
| #define HAVE_C99_FORMAT 1
| #define LLU "%llu"
| #define LLI "%lli"
| #define LLX "%llx"
| #define MOD_ZD "%zd"
| #define MOD_ZU "%zu"
| #define HAVE_INLINE 1
| #define SWITCH_BYTE_ORDER __LITTLE_ENDIAN
| #define HAVE_FUNC 1
| #define HAVE_FUNCTION 1
| #define HAVE_STRUCT_KEYWORDS 1
| #define TIME_WITH_SYS_TIME 1
| #define HAVE_DEV_URANDOM 1
| #define DEV_URANDOM 1
| #define SU_HAVE_SYS_TYPES 1
| #define SU_HAVE_STDINT 1
| #define SU_HAVE_INTTYPES 1
| #define SU_HAVE_PTHREADS 1
| #define su_inline static inline
| #define SU_INLINE inline
| #define SU_HAVE_INLINE 1
| #define SU_INLINE_TAG_CAST 1
| #define SOFIA_ISIZE_T int
| #define ISIZE_MAX INT_MAX
| #define SOFIA_ISSIZE_T int
| #define ISSIZE_MAX INT_MAX
| #define SOFIA_USIZE_T unsigned
| #define USIZE_MAX UINT_MAX
| #define HAVE_FREE_NULL 1
| #define HAVE_SIN6 1
| #define SU_HAVE_IN6 1
| #define HAVE_UNISTD_H 1
| #define HAVE_SYS_TIME_H 1
| #define HAVE_FCNTL_H 1
| #define HAVE_DIRENT_H 1
| #define SU_HAVE_BSDSOCK 1
| #define HAVE_SYS_SOCKET_H 1
| #define HAVE_SYS_IOCTL_H 1
| #define HAVE_SYS_SELECT_H 1
| #define HAVE_SYS_EPOLL_H 1
| #define HAVE_NETINET_IN_H 1
| #define HAVE_ARPA_INET_H 1
| #define HAVE_NETDB_H 1
| #define HAVE_NET_IF_H 1
| #define HAVE_NETPACKET_PACKET_H 1
| #define HAVE_MSG_TRUNC 1
| #define HAVE_SO_RCVBUFFORCE 1
| #define HAVE_SO_SNDBUFFORCE 1
| #define HAVE_IP_ADD_MEMBERSHIP 1
| #define HAVE_IP_MULTICAST_LOOP 1
| #define HAVE_IP_MTU_DISCOVER 1
| #define SU_HAVE_ADDRINFO 1
| #define SU_HAVE_SOCKADDR_STORAGE 1
| #define HAVE_IFR_IFINDEX 1
| #define HAVE_IFCONF 1
| #define HAVE_LIBPTHREAD 1
| #define HAVE_CLOCK_GETTIME 1
| #define HAVE_CLOCK_GETCPUCLOCKID 1
| #define HAVE_CLOCK_MONOTONIC 1
| /* end confdefs.h.  */
| 
| /* Override any GCC internal prototype to avoid an error.
|    Use char because int might match the return type of a GCC
|    builtin and then its argument prototype would still apply.  */
| #ifdef __cplusplus
| extern "C"
| #endif
| char getipnodebyname ();
| int
| main ()
| {
| return getipnodebyname ();
|   ;
|   return 0;
| }
configure:15968: gcc -o conftest  -ggdb -O0  -DSU_DEBUG=0     conftest.c -lnsl  -lpthread  >&5
/tmp/cc9mgOtS.o: In function `main':
/home/stack_changes/sofia-sip/conftest.c:101: undefined reference to `getipnodebyname'
collect2: error: ld returned 1 exit status
configure:15968: $? = 1
configure: failed program was:
| /* confdefs.h */
| #define PACKAGE_NAME "sofia-sip"
| #define PACKAGE_TARNAME "sofia-sip"
| #define PACKAGE_VERSION "1.13.6"
| #define PACKAGE_STRING "sofia-sip 1.13.6"
| #define PACKAGE_BUGREPORT ""
| #define PACKAGE_URL ""
| #define PACKAGE "sofia-sip"
| #define VERSION "1.13.6"
| #define STDC_HEADERS 1
| #define HAVE_SYS_TYPES_H 1
| #define HAVE_SYS_STAT_H 1
| #define HAVE_STDLIB_H 1
| #define HAVE_STRING_H 1
| #define HAVE_MEMORY_H 1
| #define HAVE_STRINGS_H 1
| #define HAVE_INTTYPES_H 1
| #define HAVE_STDINT_H 1
| #define HAVE_UNISTD_H 1
| #define __EXTENSIONS__ 1
| #define _ALL_SOURCE 1
| #define _GNU_SOURCE 1
| #define _POSIX_PTHREAD_SEMANTICS 1
| #define _TANDEM_SOURCE 1
| #define HAVE_DLFCN_H 1
| #define LT_OBJDIR ".libs/"
| #define STDC_HEADERS 1
| #define RETSIGTYPE void
| #define longlong long long
| #define HAVE_C99_FORMAT 1
| #define LLU "%llu"
| #define LLI "%lli"
| #define LLX "%llx"
| #define MOD_ZD "%zd"
| #define MOD_ZU "%zu"
| #define HAVE_INLINE 1
| #define SWITCH_BYTE_ORDER __LITTLE_ENDIAN
| #define HAVE_FUNC 1
| #define HAVE_FUNCTION 1
| #define HAVE_STRUCT_KEYWORDS 1
| #define TIME_WITH_SYS_TIME 1
| #define HAVE_DEV_URANDOM 1
| #define DEV_URANDOM 1
| #define SU_HAVE_SYS_TYPES 1
| #define SU_HAVE_STDINT 1
| #define SU_HAVE_INTTYPES 1
| #define SU_HAVE_PTHREADS 1
| #define su_inline static inline
| #define SU_INLINE inline
| #define SU_HAVE_INLINE 1
| #define SU_INLINE_TAG_CAST 1
| #define SOFIA_ISIZE_T int
| #define ISIZE_MAX INT_MAX
| #define SOFIA_ISSIZE_T int
| #define ISSIZE_MAX INT_MAX
| #define SOFIA_USIZE_T unsigned
| #define USIZE_MAX UINT_MAX
| #define HAVE_FREE_NULL 1
| #define HAVE_SIN6 1
| #define SU_HAVE_IN6 1
| #define HAVE_UNISTD_H 1
| #define HAVE_SYS_TIME_H 1
| #define HAVE_FCNTL_H 1
| #define HAVE_DIRENT_H 1
| #define SU_HAVE_BSDSOCK 1
| #define HAVE_SYS_SOCKET_H 1
| #define HAVE_SYS_IOCTL_H 1
| #define HAVE_SYS_SELECT_H 1
| #define HAVE_SYS_EPOLL_H 1
| #define HAVE_NETINET_IN_H 1
| #define HAVE_ARPA_INET_H 1
| #define HAVE_NETDB_H 1
| #define HAVE_NET_IF_H 1
| #define HAVE_NETPACKET_PACKET_H 1
| #define HAVE_MSG_TRUNC 1
| #define HAVE_SO_RCVBUFFORCE 1
| #define HAVE_SO_SNDBUFFORCE 1
| #define HAVE_IP_ADD_MEMBERSHIP 1
| #define HAVE_IP_MULTICAST_LOOP 1
| #define HAVE_IP_MTU_DISCOVER 1
| #define SU_HAVE_ADDRINFO 1
| #define SU_HAVE_SOCKADDR_STORAGE 1
| #define HAVE_IFR_IFINDEX 1
| #define HAVE_IFCONF 1
| #define HAVE_LIBPTHREAD 1
| #define HAVE_CLOCK_GETTIME 1
| #define HAVE_CLOCK_GETCPUCLOCKID 1
| #define HAVE_CLOCK_MONOTONIC 1
| /* end confdefs.h.  */
| 
| /* Override any GCC internal prototype to avoid an error.
|    Use char because int might match the return type of a GCC
|    builtin and then its argument prototype would still apply.  */
| #ifdef __cplusplus
| extern "C"
| #endif
| char getipnodebyname ();
| int
| main ()
| {
| return getipnodebyname ();
|   ;
|   return 0;
| }
configure:15985: result: no
configure:15993: checking for library containing gethostbyname
configure:16024: gcc -o conftest  -ggdb -O0  -DSU_DEBUG=0     conftest.c -lpthread  >&5
configure:16024: $? = 0
configure:16041: result: none required
configure:16049: checking for library containing getaddrinfo
configure:16080: gcc -o conftest  -ggdb -O0  -DSU_DEBUG=0     conftest.c -lpthread  >&5
configure:16080: $? = 0
configure:16097: result: none required
configure:16108: checking for working alloca.h
configure:16125: gcc -o conftest  -ggdb -O0  -DSU_DEBUG=0     conftest.c -lpthread  >&5
configure:16125: $? = 0
configure:16133: result: yes
configure:16141: checking for alloca
configure:16178: gcc -o conftest  -ggdb -O0  -DSU_DEBUG=0     conftest.c -lpthread  >&5
configure:16178: $? = 0
configure:16186: result: yes
configure:16302: checking for gettimeofday
configure:16302: gcc -o conftest  -ggdb -O0  -DSU_DEBUG=0     conftest.c -lpthread  >&5
configure:16302: $? = 0
configure:16302: result: yes
configure:16302: checking for strerror
configure:16302: gcc -o conftest  -ggdb -O0  -DSU_DEBUG=0     conftest.c -lpthread  >&5
configure:16302: $? = 0
configure:16302: result: yes
configure:16302: checking for random
configure:16302: gcc -o conftest  -ggdb -O0  -DSU_DEBUG=0     conftest.c -lpthread  >&5
configure:16302: $? = 0
configure:16302: result: yes
configure:16302: checking for initstate
configure:16302: gcc -o conftest  -ggdb -O0  -DSU_DEBUG=0     conftest.c -lpthread  >&5
configure:16302: $? = 0
configure:16302: result: yes
configure:16302: checking for tcsetattr
configure:16302: gcc -o conftest  -ggdb -O0  -DSU_DEBUG=0     conftest.c -lpthread  >&5
configure:16302: $? = 0
configure:16302: result: yes
configure:16302: checking for flock
configure:16302: gcc -o conftest  -ggdb -O0  -DSU_DEBUG=0     conftest.c -lpthread  >&5
configure:16302: $? = 0
configure:16302: result: yes
configure:16302: checking for socketpair
configure:16302: gcc -o conftest  -ggdb -O0  -DSU_DEBUG=0     conftest.c -lpthread  >&5
configure:16302: $? = 0
configure:16302: result: yes
configure:16302: checking for gethostname
configure:16302: gcc -o conftest  -ggdb -O0  -DSU_DEBUG=0     conftest.c -lpthread  >&5
configure:16302: $? = 0
configure:16302: result: yes
configure:16302: checking for gethostbyname
configure:16302: gcc -o conftest  -ggdb -O0  -DSU_DEBUG=0     conftest.c -lpthread  >&5
configure:16302: $? = 0
configure:16302: result: yes
configure:16302: checking for getipnodebyname
configure:16302: gcc -o conftest  -ggdb -O0  -DSU_DEBUG=0     conftest.c -lpthread  >&5
/tmp/ccYT1hbp.o: In function `main':
/home/stack_changes/sofia-sip/conftest.c:135: undefined reference to `getipnodebyname'
collect2: error: ld returned 1 exit status
configure:16302: $? = 1
configure: failed program was:
| /* confdefs.h */
| #define PACKAGE_NAME "sofia-sip"
| #define PACKAGE_TARNAME "sofia-sip"
| #define PACKAGE_VERSION "1.13.6"
| #define PACKAGE_STRING "sofia-sip 1.13.6"
| #define PACKAGE_BUGREPORT ""
| #define PACKAGE_URL ""
| #define PACKAGE "sofia-sip"
| #define VERSION "1.13.6"
| #define STDC_HEADERS 1
| #define HAVE_SYS_TYPES_H 1
| #define HAVE_SYS_STAT_H 1
| #define HAVE_STDLIB_H 1
| #define HAVE_STRING_H 1
| #define HAVE_MEMORY_H 1
| #define HAVE_STRINGS_H 1
| #define HAVE_INTTYPES_H 1
| #define HAVE_STDINT_H 1
| #define HAVE_UNISTD_H 1
| #define __EXTENSIONS__ 1
| #define _ALL_SOURCE 1
| #define _GNU_SOURCE 1
| #define _POSIX_PTHREAD_SEMANTICS 1
| #define _TANDEM_SOURCE 1
| #define HAVE_DLFCN_H 1
| #define LT_OBJDIR ".libs/"
| #define STDC_HEADERS 1
| #define RETSIGTYPE void
| #define longlong long long
| #define HAVE_C99_FORMAT 1
| #define LLU "%llu"
| #define LLI "%lli"
| #define LLX "%llx"
| #define MOD_ZD "%zd"
| #define MOD_ZU "%zu"
| #define HAVE_INLINE 1
| #define SWITCH_BYTE_ORDER __LITTLE_ENDIAN
| #define HAVE_FUNC 1
| #define HAVE_FUNCTION 1
| #define HAVE_STRUCT_KEYWORDS 1
| #define TIME_WITH_SYS_TIME 1
| #define HAVE_DEV_URANDOM 1
| #define DEV_URANDOM 1
| #define SU_HAVE_SYS_TYPES 1
| #define SU_HAVE_STDINT 1
| #define SU_HAVE_INTTYPES 1
| #define SU_HAVE_PTHREADS 1
| #define su_inline static inline
| #define SU_INLINE inline
| #define SU_HAVE_INLINE 1
| #define SU_INLINE_TAG_CAST 1
| #define SOFIA_ISIZE_T int
| #define ISIZE_MAX INT_MAX
| #define SOFIA_ISSIZE_T int
| #define ISSIZE_MAX INT_MAX
| #define SOFIA_USIZE_T unsigned
| #define USIZE_MAX UINT_MAX
| #define HAVE_FREE_NULL 1
| #define HAVE_SIN6 1
| #define SU_HAVE_IN6 1
| #define HAVE_UNISTD_H 1
| #define HAVE_SYS_TIME_H 1
| #define HAVE_FCNTL_H 1
| #define HAVE_DIRENT_H 1
| #define SU_HAVE_BSDSOCK 1
| #define HAVE_SYS_SOCKET_H 1
| #define HAVE_SYS_IOCTL_H 1
| #define HAVE_SYS_SELECT_H 1
| #define HAVE_SYS_EPOLL_H 1
| #define HAVE_NETINET_IN_H 1
| #define HAVE_ARPA_INET_H 1
| #define HAVE_NETDB_H 1
| #define HAVE_NET_IF_H 1
| #define HAVE_NETPACKET_PACKET_H 1
| #define HAVE_MSG_TRUNC 1
| #define HAVE_SO_RCVBUFFORCE 1
| #define HAVE_SO_SNDBUFFORCE 1
| #define HAVE_IP_ADD_MEMBERSHIP 1
| #define HAVE_IP_MULTICAST_LOOP 1
| #define HAVE_IP_MTU_DISCOVER 1
| #define SU_HAVE_ADDRINFO 1
| #define SU_HAVE_SOCKADDR_STORAGE 1
| #define HAVE_IFR_IFINDEX 1
| #define HAVE_IFCONF 1
| #define HAVE_LIBPTHREAD 1
| #define HAVE_CLOCK_GETTIME 1
| #define HAVE_CLOCK_GETCPUCLOCKID 1
| #define HAVE_CLOCK_MONOTONIC 1
| #define HAVE_ALLOCA_H 1
| #define HAVE_ALLOCA 1
| #define HAVE_GETTIMEOFDAY 1
| #define HAVE_STRERROR 1
| #define HAVE_RANDOM 1
| #define HAVE_INITSTATE 1
| #define HAVE_TCSETATTR 1
| #define HAVE_FLOCK 1
| #define HAVE_SOCKETPAIR 1
| #define HAVE_GETHOSTNAME 1
| #define HAVE_GETHOSTBYNAME 1
| /* end confdefs.h.  */
| /* Define getipnodebyname to an innocuous variant, in case <limits.h> declares getipnodebyname.
|    For example, HP-UX 11i <limits.h> declares gettimeofday.  */
| #define getipnodebyname innocuous_getipnodebyname
| 
| /* System header to define __stub macros and hopefully few prototypes,
|     which can conflict with char getipnodebyname (); below.
|     Prefer <limits.h> to <assert.h> if __STDC__ is defined, since
|     <limits.h> exists even on freestanding compilers.  */
| 
| #ifdef __STDC__
| # include <limits.h>
| #else
| # include <assert.h>
| #endif
| 
| #undef getipnodebyname
| 
| /* Override any GCC internal prototype to avoid an error.
|    Use char because int might match the return type of a GCC
|    builtin and then its argument prototype would still apply.  */
| #ifdef __cplusplus
| extern "C"
| #endif
| char getipnodebyname ();
| /* The GNU C library defines this for functions which it implements
|     to always fail with ENOSYS.  Some functions are actually named
|     something starting with __ and the normal name is an alias.  */
| #if defined __stub_getipnodebyname || defined __stub___getipnodebyname
| choke me
| #endif
| 
| int
| main ()
| {
| return getipnodebyname ();
|   ;
|   return 0;
| }
configure:16302: result: no
configure:16302: checking for poll
configure:16302: gcc -o conftest  -ggdb -O0  -DSU_DEBUG=0     conftest.c -lpthread  >&5
configure:16302: $? = 0
configure:16302: result: yes
configure:16302: checking for epoll_create
configure:16302: gcc -o conftest  -ggdb -O0  -DSU_DEBUG=0     conftest.c -lpthread  >&5
configure:16302: $? = 0
configure:16302: result: yes
configure:16302: checking for kqueue
configure:16302: gcc -o conftest  -ggdb -O0  -DSU_DEBUG=0     conftest.c -lpthread  >&5
/tmp/ccXDvWpK.o: In function `main':
/home/stack_changes/sofia-sip/conftest.c:137: undefined reference to `kqueue'
collect2: error: ld returned 1 exit status
configure:16302: $? = 1
configure: failed program was:
| /* confdefs.h */
| #define PACKAGE_NAME "sofia-sip"
| #define PACKAGE_TARNAME "sofia-sip"
| #define PACKAGE_VERSION "1.13.6"
| #define PACKAGE_STRING "sofia-sip 1.13.6"
| #define PACKAGE_BUGREPORT ""
| #define PACKAGE_URL ""
| #define PACKAGE "sofia-sip"
| #define VERSION "1.13.6"
| #define STDC_HEADERS 1
| #define HAVE_SYS_TYPES_H 1
| #define HAVE_SYS_STAT_H 1
| #define HAVE_STDLIB_H 1
| #define HAVE_STRING_H 1
| #define HAVE_MEMORY_H 1
| #define HAVE_STRINGS_H 1
| #define HAVE_INTTYPES_H 1
| #define HAVE_STDINT_H 1
| #define HAVE_UNISTD_H 1
| #define __EXTENSIONS__ 1
| #define _ALL_SOURCE 1
| #define _GNU_SOURCE 1
| #define _POSIX_PTHREAD_SEMANTICS 1
| #define _TANDEM_SOURCE 1
| #define HAVE_DLFCN_H 1
| #define LT_OBJDIR ".libs/"
| #define STDC_HEADERS 1
| #define RETSIGTYPE void
| #define longlong long long
| #define HAVE_C99_FORMAT 1
| #define LLU "%llu"
| #define LLI "%lli"
| #define LLX "%llx"
| #define MOD_ZD "%zd"
| #define MOD_ZU "%zu"
| #define HAVE_INLINE 1
| #define SWITCH_BYTE_ORDER __LITTLE_ENDIAN
| #define HAVE_FUNC 1
| #define HAVE_FUNCTION 1
| #define HAVE_STRUCT_KEYWORDS 1
| #define TIME_WITH_SYS_TIME 1
| #define HAVE_DEV_URANDOM 1
| #define DEV_URANDOM 1
| #define SU_HAVE_SYS_TYPES 1
| #define SU_HAVE_STDINT 1
| #define SU_HAVE_INTTYPES 1
| #define SU_HAVE_PTHREADS 1
| #define su_inline static inline
| #define SU_INLINE inline
| #define SU_HAVE_INLINE 1
| #define SU_INLINE_TAG_CAST 1
| #define SOFIA_ISIZE_T int
| #define ISIZE_MAX INT_MAX
| #define SOFIA_ISSIZE_T int
| #define ISSIZE_MAX INT_MAX
| #define SOFIA_USIZE_T unsigned
| #define USIZE_MAX UINT_MAX
| #define HAVE_FREE_NULL 1
| #define HAVE_SIN6 1
| #define SU_HAVE_IN6 1
| #define HAVE_UNISTD_H 1
| #define HAVE_SYS_TIME_H 1
| #define HAVE_FCNTL_H 1
| #define HAVE_DIRENT_H 1
| #define SU_HAVE_BSDSOCK 1
| #define HAVE_SYS_SOCKET_H 1
| #define HAVE_SYS_IOCTL_H 1
| #define HAVE_SYS_SELECT_H 1
| #define HAVE_SYS_EPOLL_H 1
| #define HAVE_NETINET_IN_H 1
| #define HAVE_ARPA_INET_H 1
| #define HAVE_NETDB_H 1
| #define HAVE_NET_IF_H 1
| #define HAVE_NETPACKET_PACKET_H 1
| #define HAVE_MSG_TRUNC 1
| #define HAVE_SO_RCVBUFFORCE 1
| #define HAVE_SO_SNDBUFFORCE 1
| #define HAVE_IP_ADD_MEMBERSHIP 1
| #define HAVE_IP_MULTICAST_LOOP 1
| #define HAVE_IP_MTU_DISCOVER 1
| #define SU_HAVE_ADDRINFO 1
| #define SU_HAVE_SOCKADDR_STORAGE 1
| #define HAVE_IFR_IFINDEX 1
| #define HAVE_IFCONF 1
| #define HAVE_LIBPTHREAD 1
| #define HAVE_CLOCK_GETTIME 1
| #define HAVE_CLOCK_GETCPUCLOCKID 1
| #define HAVE_CLOCK_MONOTONIC 1
| #define HAVE_ALLOCA_H 1
| #define HAVE_ALLOCA 1
| #define HAVE_GETTIMEOFDAY 1
| #define HAVE_STRERROR 1
| #define HAVE_RANDOM 1
| #define HAVE_INITSTATE 1
| #define HAVE_TCSETATTR 1
| #define HAVE_FLOCK 1
| #define HAVE_SOCKETPAIR 1
| #define HAVE_GETHOSTNAME 1
| #define HAVE_GETHOSTBYNAME 1
| #define HAVE_POLL 1
| #define HAVE_EPOLL_CREATE 1
| /* end confdefs.h.  */
| /* Define kqueue to an innocuous variant, in case <limits.h> declares kqueue.
|    For example, HP-UX 11i <limits.h> declares gettimeofday.  */
| #define kqueue innocuous_kqueue
| 
| /* System header to define __stub macros and hopefully few prototypes,
|     which can conflict with char kqueue (); below.
|     Prefer <limits.h> to <assert.h> if __STDC__ is defined, since
|     <limits.h> exists even on freestanding compilers.  */
| 
| #ifdef __STDC__
| # include <limits.h>
| #else
| # include <assert.h>
| #endif
| 
| #undef kqueue
| 
| /* Override any GCC internal prototype to avoid an error.
|    Use char because int might match the return type of a GCC
|    builtin and then its argument prototype would still apply.  */
| #ifdef __cplusplus
| extern "C"
| #endif
| char kqueue ();
| /* The GNU C library defines this for functions which it implements
|     to always fail with ENOSYS.  Some functions are actually named
|     something starting with __ and the normal name is an alias.  */
| #if defined __stub_kqueue || defined __stub___kqueue
| choke me
| #endif
| 
| int
| main ()
| {
| return kqueue ();
|   ;
|   return 0;
| }
configure:16302: result: no
configure:16302: checking for select
configure:16302: gcc -o conftest  -ggdb -O0  -DSU_DEBUG=0     conftest.c -lpthread  >&5
configure:16302: $? = 0
configure:16302: result: yes
configure:16302: checking for if_nameindex
configure:16302: gcc -o conftest  -ggdb -O0  -DSU_DEBUG=0     conftest.c -lpthread  >&5
configure:16302: $? = 0
configure:16302: result: yes
configure:16302: checking for signal
configure:16302: gcc -o conftest  -ggdb -O0  -DSU_DEBUG=0     conftest.c -lpthread  >&5
configure:16302: $? = 0
configure:16302: result: yes
configure:16302: checking for alarm
configure:16302: gcc -o conftest  -ggdb -O0  -DSU_DEBUG=0     conftest.c -lpthread  >&5
configure:16302: $? = 0
configure:16302: result: yes
configure:16302: checking for strnlen
configure:16302: gcc -o conftest  -ggdb -O0  -DSU_DEBUG=0     conftest.c -lpthread  >&5
configure:16302: $? = 0
configure:16302: result: yes
configure:16302: checking for getaddrinfo
configure:16302: gcc -o conftest  -ggdb -O0  -DSU_DEBUG=0     conftest.c -lpthread  >&5
configure:16302: $? = 0
configure:16302: result: yes
configure:16302: checking for getnameinfo
configure:16302: gcc -o conftest  -ggdb -O0  -DSU_DEBUG=0     conftest.c -lpthread  >&5
configure:16302: $? = 0
configure:16302: result: yes
configure:16302: checking for freeaddrinfo
configure:16302: gcc -o conftest  -ggdb -O0  -DSU_DEBUG=0     conftest.c -lpthread  >&5
configure:16302: $? = 0
configure:16302: result: yes
configure:16302: checking for gai_strerror
configure:16302: gcc -o conftest  -ggdb -O0  -DSU_DEBUG=0     conftest.c -lpthread  >&5
configure:16302: $? = 0
configure:16302: result: yes
configure:16302: checking for getifaddrs
configure:16302: gcc -o conftest  -ggdb -O0  -DSU_DEBUG=0     conftest.c -lpthread  >&5
configure:16302: $? = 0
configure:16302: result: yes
configure:16302: checking for getline
configure:16302: gcc -o conftest  -ggdb -O0  -DSU_DEBUG=0     conftest.c -lpthread  >&5
configure:16302: $? = 0
configure:16302: result: yes
configure:16302: checking for getdelim
configure:16302: gcc -o conftest  -ggdb -O0  -DSU_DEBUG=0     conftest.c -lpthread  >&5
configure:16302: $? = 0
configure:16302: result: yes
configure:16302: checking for getpass
configure:16302: gcc -o conftest  -ggdb -O0  -DSU_DEBUG=0     conftest.c -lpthread  >&5
configure:16302: $? = 0
configure:16302: result: yes
configure:16340: checking for memmem
configure:16340: gcc -o conftest  -ggdb -O0  -DSU_DEBUG=0     conftest.c -lpthread  >&5
configure:16340: $? = 0
configure:16340: result: yes
configure:16340: checking for memccpy
configure:16340: gcc -o conftest  -ggdb -O0  -DSU_DEBUG=0     conftest.c -lpthread  >&5
configure:16340: $? = 0
configure:16340: result: yes
configure:16340: checking for memspn
configure:16340: gcc -o conftest  -ggdb -O0  -DSU_DEBUG=0     conftest.c -lpthread  >&5
/tmp/ccAEhuJt.o: In function `main':
/home/stack_changes/sofia-sip/conftest.c:155: undefined reference to `memspn'
collect2: error: ld returned 1 exit status
configure:16340: $? = 1
configure: failed program was:
| /* confdefs.h */
| #define PACKAGE_NAME "sofia-sip"
| #define PACKAGE_TARNAME "sofia-sip"
| #define PACKAGE_VERSION "1.13.6"
| #define PACKAGE_STRING "sofia-sip 1.13.6"
| #define PACKAGE_BUGREPORT ""
| #define PACKAGE_URL ""
| #define PACKAGE "sofia-sip"
| #define VERSION "1.13.6"
| #define STDC_HEADERS 1
| #define HAVE_SYS_TYPES_H 1
| #define HAVE_SYS_STAT_H 1
| #define HAVE_STDLIB_H 1
| #define HAVE_STRING_H 1
| #define HAVE_MEMORY_H 1
| #define HAVE_STRINGS_H 1
| #define HAVE_INTTYPES_H 1
| #define HAVE_STDINT_H 1
| #define HAVE_UNISTD_H 1
| #define __EXTENSIONS__ 1
| #define _ALL_SOURCE 1
| #define _GNU_SOURCE 1
| #define _POSIX_PTHREAD_SEMANTICS 1
| #define _TANDEM_SOURCE 1
| #define HAVE_DLFCN_H 1
| #define LT_OBJDIR ".libs/"
| #define STDC_HEADERS 1
| #define RETSIGTYPE void
| #define longlong long long
| #define HAVE_C99_FORMAT 1
| #define LLU "%llu"
| #define LLI "%lli"
| #define LLX "%llx"
| #define MOD_ZD "%zd"
| #define MOD_ZU "%zu"
| #define HAVE_INLINE 1
| #define SWITCH_BYTE_ORDER __LITTLE_ENDIAN
| #define HAVE_FUNC 1
| #define HAVE_FUNCTION 1
| #define HAVE_STRUCT_KEYWORDS 1
| #define TIME_WITH_SYS_TIME 1
| #define HAVE_DEV_URANDOM 1
| #define DEV_URANDOM 1
| #define SU_HAVE_SYS_TYPES 1
| #define SU_HAVE_STDINT 1
| #define SU_HAVE_INTTYPES 1
| #define SU_HAVE_PTHREADS 1
| #define su_inline static inline
| #define SU_INLINE inline
| #define SU_HAVE_INLINE 1
| #define SU_INLINE_TAG_CAST 1
| #define SOFIA_ISIZE_T int
| #define ISIZE_MAX INT_MAX
| #define SOFIA_ISSIZE_T int
| #define ISSIZE_MAX INT_MAX
| #define SOFIA_USIZE_T unsigned
| #define USIZE_MAX UINT_MAX
| #define HAVE_FREE_NULL 1
| #define HAVE_SIN6 1
| #define SU_HAVE_IN6 1
| #define HAVE_UNISTD_H 1
| #define HAVE_SYS_TIME_H 1
| #define HAVE_FCNTL_H 1
| #define HAVE_DIRENT_H 1
| #define SU_HAVE_BSDSOCK 1
| #define HAVE_SYS_SOCKET_H 1
| #define HAVE_SYS_IOCTL_H 1
| #define HAVE_SYS_SELECT_H 1
| #define HAVE_SYS_EPOLL_H 1
| #define HAVE_NETINET_IN_H 1
| #define HAVE_ARPA_INET_H 1
| #define HAVE_NETDB_H 1
| #define HAVE_NET_IF_H 1
| #define HAVE_NETPACKET_PACKET_H 1
| #define HAVE_MSG_TRUNC 1
| #define HAVE_SO_RCVBUFFORCE 1
| #define HAVE_SO_SNDBUFFORCE 1
| #define HAVE_IP_ADD_MEMBERSHIP 1
| #define HAVE_IP_MULTICAST_LOOP 1
| #define HAVE_IP_MTU_DISCOVER 1
| #define SU_HAVE_ADDRINFO 1
| #define SU_HAVE_SOCKADDR_STORAGE 1
| #define HAVE_IFR_IFINDEX 1
| #define HAVE_IFCONF 1
| #define HAVE_LIBPTHREAD 1
| #define HAVE_CLOCK_GETTIME 1
| #define HAVE_CLOCK_GETCPUCLOCKID 1
| #define HAVE_CLOCK_MONOTONIC 1
| #define HAVE_ALLOCA_H 1
| #define HAVE_ALLOCA 1
| #define HAVE_GETTIMEOFDAY 1
| #define HAVE_STRERROR 1
| #define HAVE_RANDOM 1
| #define HAVE_INITSTATE 1
| #define HAVE_TCSETATTR 1
| #define HAVE_FLOCK 1
| #define HAVE_SOCKETPAIR 1
| #define HAVE_GETHOSTNAME 1
| #define HAVE_GETHOSTBYNAME 1
| #define HAVE_POLL 1
| #define HAVE_EPOLL_CREATE 1
| #define HAVE_SELECT 1
| #define HAVE_IF_NAMEINDEX 1
| #define HAVE_SIGNAL 1
| #define HAVE_ALARM 1
| #define HAVE_STRNLEN 1
| #define HAVE_GETADDRINFO 1
| #define HAVE_GETNAMEINFO 1
| #define HAVE_FREEADDRINFO 1
| #define HAVE_GAI_STRERROR 1
| #define HAVE_GETIFADDRS 1
| #define HAVE_GETLINE 1
| #define HAVE_GETDELIM 1
| #define HAVE_GETPASS 1
| #define SU_HAVE_POLL 1
| #define HAVE_EPOLL 1
| #define SU_HAVE_IF_NAMEINDEX 1
| #define HAVE_MEMMEM 1
| #define HAVE_MEMCCPY 1
| /* end confdefs.h.  */
| /* Define memspn to an innocuous variant, in case <limits.h> declares memspn.
|    For example, HP-UX 11i <limits.h> declares gettimeofday.  */
| #define memspn innocuous_memspn
| 
| /* System header to define __stub macros and hopefully few prototypes,
|     which can conflict with char memspn (); below.
|     Prefer <limits.h> to <assert.h> if __STDC__ is defined, since
|     <limits.h> exists even on freestanding compilers.  */
| 
| #ifdef __STDC__
| # include <limits.h>
| #else
| # include <assert.h>
| #endif
| 
| #undef memspn
| 
| /* Override any GCC internal prototype to avoid an error.
|    Use char because int might match the return type of a GCC
|    builtin and then its argument prototype would still apply.  */
| #ifdef __cplusplus
| extern "C"
| #endif
| char memspn ();
| /* The GNU C library defines this for functions which it implements
|     to always fail with ENOSYS.  Some functions are actually named
|     something starting with __ and the normal name is an alias.  */
| #if defined __stub_memspn || defined __stub___memspn
| choke me
| #endif
| 
| int
| main ()
| {
| return memspn ();
|   ;
|   return 0;
| }
configure:16340: result: no
configure:16340: checking for memcspn
configure:16340: gcc -o conftest  -ggdb -O0  -DSU_DEBUG=0     conftest.c -lpthread  >&5
/tmp/cc1x3gIA.o: In function `main':
/home/stack_changes/sofia-sip/conftest.c:155: undefined reference to `memcspn'
collect2: error: ld returned 1 exit status
configure:16340: $? = 1
configure: failed program was:
| /* confdefs.h */
| #define PACKAGE_NAME "sofia-sip"
| #define PACKAGE_TARNAME "sofia-sip"
| #define PACKAGE_VERSION "1.13.6"
| #define PACKAGE_STRING "sofia-sip 1.13.6"
| #define PACKAGE_BUGREPORT ""
| #define PACKAGE_URL ""
| #define PACKAGE "sofia-sip"
| #define VERSION "1.13.6"
| #define STDC_HEADERS 1
| #define HAVE_SYS_TYPES_H 1
| #define HAVE_SYS_STAT_H 1
| #define HAVE_STDLIB_H 1
| #define HAVE_STRING_H 1
| #define HAVE_MEMORY_H 1
| #define HAVE_STRINGS_H 1
| #define HAVE_INTTYPES_H 1
| #define HAVE_STDINT_H 1
| #define HAVE_UNISTD_H 1
| #define __EXTENSIONS__ 1
| #define _ALL_SOURCE 1
| #define _GNU_SOURCE 1
| #define _POSIX_PTHREAD_SEMANTICS 1
| #define _TANDEM_SOURCE 1
| #define HAVE_DLFCN_H 1
| #define LT_OBJDIR ".libs/"
| #define STDC_HEADERS 1
| #define RETSIGTYPE void
| #define longlong long long
| #define HAVE_C99_FORMAT 1
| #define LLU "%llu"
| #define LLI "%lli"
| #define LLX "%llx"
| #define MOD_ZD "%zd"
| #define MOD_ZU "%zu"
| #define HAVE_INLINE 1
| #define SWITCH_BYTE_ORDER __LITTLE_ENDIAN
| #define HAVE_FUNC 1
| #define HAVE_FUNCTION 1
| #define HAVE_STRUCT_KEYWORDS 1
| #define TIME_WITH_SYS_TIME 1
| #define HAVE_DEV_URANDOM 1
| #define DEV_URANDOM 1
| #define SU_HAVE_SYS_TYPES 1
| #define SU_HAVE_STDINT 1
| #define SU_HAVE_INTTYPES 1
| #define SU_HAVE_PTHREADS 1
| #define su_inline static inline
| #define SU_INLINE inline
| #define SU_HAVE_INLINE 1
| #define SU_INLINE_TAG_CAST 1
| #define SOFIA_ISIZE_T int
| #define ISIZE_MAX INT_MAX
| #define SOFIA_ISSIZE_T int
| #define ISSIZE_MAX INT_MAX
| #define SOFIA_USIZE_T unsigned
| #define USIZE_MAX UINT_MAX
| #define HAVE_FREE_NULL 1
| #define HAVE_SIN6 1
| #define SU_HAVE_IN6 1
| #define HAVE_UNISTD_H 1
| #define HAVE_SYS_TIME_H 1
| #define HAVE_FCNTL_H 1
| #define HAVE_DIRENT_H 1
| #define SU_HAVE_BSDSOCK 1
| #define HAVE_SYS_SOCKET_H 1
| #define HAVE_SYS_IOCTL_H 1
| #define HAVE_SYS_SELECT_H 1
| #define HAVE_SYS_EPOLL_H 1
| #define HAVE_NETINET_IN_H 1
| #define HAVE_ARPA_INET_H 1
| #define HAVE_NETDB_H 1
| #define HAVE_NET_IF_H 1
| #define HAVE_NETPACKET_PACKET_H 1
| #define HAVE_MSG_TRUNC 1
| #define HAVE_SO_RCVBUFFORCE 1
| #define HAVE_SO_SNDBUFFORCE 1
| #define HAVE_IP_ADD_MEMBERSHIP 1
| #define HAVE_IP_MULTICAST_LOOP 1
| #define HAVE_IP_MTU_DISCOVER 1
| #define SU_HAVE_ADDRINFO 1
| #define SU_HAVE_SOCKADDR_STORAGE 1
| #define HAVE_IFR_IFINDEX 1
| #define HAVE_IFCONF 1
| #define HAVE_LIBPTHREAD 1
| #define HAVE_CLOCK_GETTIME 1
| #define HAVE_CLOCK_GETCPUCLOCKID 1
| #define HAVE_CLOCK_MONOTONIC 1
| #define HAVE_ALLOCA_H 1
| #define HAVE_ALLOCA 1
| #define HAVE_GETTIMEOFDAY 1
| #define HAVE_STRERROR 1
| #define HAVE_RANDOM 1
| #define HAVE_INITSTATE 1
| #define HAVE_TCSETATTR 1
| #define HAVE_FLOCK 1
| #define HAVE_SOCKETPAIR 1
| #define HAVE_GETHOSTNAME 1
| #define HAVE_GETHOSTBYNAME 1
| #define HAVE_POLL 1
| #define HAVE_EPOLL_CREATE 1
| #define HAVE_SELECT 1
| #define HAVE_IF_NAMEINDEX 1
| #define HAVE_SIGNAL 1
| #define HAVE_ALARM 1
| #define HAVE_STRNLEN 1
| #define HAVE_GETADDRINFO 1
| #define HAVE_GETNAMEINFO 1
| #define HAVE_FREEADDRINFO 1
| #define HAVE_GAI_STRERROR 1
| #define HAVE_GETIFADDRS 1
| #define HAVE_GETLINE 1
| #define HAVE_GETDELIM 1
| #define HAVE_GETPASS 1
| #define SU_HAVE_POLL 1
| #define HAVE_EPOLL 1
| #define SU_HAVE_IF_NAMEINDEX 1
| #define HAVE_MEMMEM 1
| #define HAVE_MEMCCPY 1
| /* end confdefs.h.  */
| /* Define memcspn to an innocuous variant, in case <limits.h> declares memcspn.
|    For example, HP-UX 11i <limits.h> declares gettimeofday.  */
| #define memcspn innocuous_memcspn
| 
| /* System header to define __stub macros and hopefully few prototypes,
|     which can conflict with char memcspn (); below.
|     Prefer <limits.h> to <assert.h> if __STDC__ is defined, since
|     <limits.h> exists even on freestanding compilers.  */
| 
| #ifdef __STDC__
| # include <limits.h>
| #else
| # include <assert.h>
| #endif
| 
| #undef memcspn
| 
| /* Override any GCC internal prototype to avoid an error.
|    Use char because int might match the return type of a GCC
|    builtin and then its argument prototype would still apply.  */
| #ifdef __cplusplus
| extern "C"
| #endif
| char memcspn ();
| /* The GNU C library defines this for functions which it implements
|     to always fail with ENOSYS.  Some functions are actually named
|     something starting with __ and the normal name is an alias.  */
| #if defined __stub_memcspn || defined __stub___memcspn
| choke me
| #endif
| 
| int
| main ()
| {
| return memcspn ();
|   ;
|   return 0;
| }
configure:16340: result: no
configure:16340: checking for strtoull
configure:16340: gcc -o conftest  -ggdb -O0  -DSU_DEBUG=0     conftest.c -lpthread  >&5
configure:16340: $? = 0
configure:16340: result: yes
configure:16340: checking for inet_ntop
configure:16340: gcc -o conftest  -ggdb -O0  -DSU_DEBUG=0     conftest.c -lpthread  >&5
configure:16340: $? = 0
configure:16340: result: yes
configure:16340: checking for inet_pton
configure:16340: gcc -o conftest  -ggdb -O0  -DSU_DEBUG=0     conftest.c -lpthread  >&5
configure:16340: $? = 0
configure:16340: result: yes
configure:16340: checking for poll
configure:16340: result: yes
configure:16362: checking whether SIGPIPE is declared
configure:16362: gcc -c  -ggdb -O0  -DSU_DEBUG=0   conftest.c >&5
configure:16362: $? = 0
configure:16362: result: yes
configure:16432: gcc -o conftest  -ggdb -O0  -DSU_DEBUG=0     conftest.c -lpthread  >&5
configure:16432: $? = 0
configure:16432: ./conftest
configure:16432: $? = 0
configure:16536: checking for openssl
configure:16540: result: yes
configure:16544: checking openssl_CFLAGS
configure:16547: result: -I/usr/local/include  
configure:16550: checking openssl_LIBS
configure:16553: result: -L/usr/local/lib64 -lssl -lcrypto  
configure:16781: checking for IP_RECVERR
configure:16806: gcc -c  -ggdb -O0  -DSU_DEBUG=0   conftest.c >&5
configure:16806: $? = 0
configure:16813: result: yes
configure:16823: checking for IPV6_RECVERR
configure:16848: gcc -c  -ggdb -O0  -DSU_DEBUG=0   conftest.c >&5
configure:16848: $? = 0
configure:16855: result: yes
configure:16867: checking for netinet/tcp.h
configure:16867: gcc -c  -ggdb -O0  -DSU_DEBUG=0   conftest.c >&5
configure:16867: $? = 0
configure:16867: result: yes
configure:16867: checking for netinet/sctp.h
configure:16867: gcc -c  -ggdb -O0  -DSU_DEBUG=0   conftest.c >&5
conftest.c:141:26: fatal error: netinet/sctp.h: No such file or directory
 #include <netinet/sctp.h>
                          ^
compilation terminated.
configure:16867: $? = 1
configure: failed program was:
| /* confdefs.h */
| #define PACKAGE_NAME "sofia-sip"
| #define PACKAGE_TARNAME "sofia-sip"
| #define PACKAGE_VERSION "1.13.6"
| #define PACKAGE_STRING "sofia-sip 1.13.6"
| #define PACKAGE_BUGREPORT ""
| #define PACKAGE_URL ""
| #define PACKAGE "sofia-sip"
| #define VERSION "1.13.6"
| #define STDC_HEADERS 1
| #define HAVE_SYS_TYPES_H 1
| #define HAVE_SYS_STAT_H 1
| #define HAVE_STDLIB_H 1
| #define HAVE_STRING_H 1
| #define HAVE_MEMORY_H 1
| #define HAVE_STRINGS_H 1
| #define HAVE_INTTYPES_H 1
| #define HAVE_STDINT_H 1
| #define HAVE_UNISTD_H 1
| #define __EXTENSIONS__ 1
| #define _ALL_SOURCE 1
| #define _GNU_SOURCE 1
| #define _POSIX_PTHREAD_SEMANTICS 1
| #define _TANDEM_SOURCE 1
| #define HAVE_DLFCN_H 1
| #define LT_OBJDIR ".libs/"
| #define STDC_HEADERS 1
| #define RETSIGTYPE void
| #define longlong long long
| #define HAVE_C99_FORMAT 1
| #define LLU "%llu"
| #define LLI "%lli"
| #define LLX "%llx"
| #define MOD_ZD "%zd"
| #define MOD_ZU "%zu"
| #define HAVE_INLINE 1
| #define SWITCH_BYTE_ORDER __LITTLE_ENDIAN
| #define HAVE_FUNC 1
| #define HAVE_FUNCTION 1
| #define HAVE_STRUCT_KEYWORDS 1
| #define TIME_WITH_SYS_TIME 1
| #define HAVE_DEV_URANDOM 1
| #define DEV_URANDOM 1
| #define SU_HAVE_SYS_TYPES 1
| #define SU_HAVE_STDINT 1
| #define SU_HAVE_INTTYPES 1
| #define SU_HAVE_PTHREADS 1
| #define su_inline static inline
| #define SU_INLINE inline
| #define SU_HAVE_INLINE 1
| #define SU_INLINE_TAG_CAST 1
| #define SOFIA_ISIZE_T int
| #define ISIZE_MAX INT_MAX
| #define SOFIA_ISSIZE_T int
| #define ISSIZE_MAX INT_MAX
| #define SOFIA_USIZE_T unsigned
| #define USIZE_MAX UINT_MAX
| #define HAVE_FREE_NULL 1
| #define HAVE_SIN6 1
| #define SU_HAVE_IN6 1
| #define HAVE_UNISTD_H 1
| #define HAVE_SYS_TIME_H 1
| #define HAVE_FCNTL_H 1
| #define HAVE_DIRENT_H 1
| #define SU_HAVE_BSDSOCK 1
| #define HAVE_SYS_SOCKET_H 1
| #define HAVE_SYS_IOCTL_H 1
| #define HAVE_SYS_SELECT_H 1
| #define HAVE_SYS_EPOLL_H 1
| #define HAVE_NETINET_IN_H 1
| #define HAVE_ARPA_INET_H 1
| #define HAVE_NETDB_H 1
| #define HAVE_NET_IF_H 1
| #define HAVE_NETPACKET_PACKET_H 1
| #define HAVE_MSG_TRUNC 1
| #define HAVE_SO_RCVBUFFORCE 1
| #define HAVE_SO_SNDBUFFORCE 1
| #define HAVE_IP_ADD_MEMBERSHIP 1
| #define HAVE_IP_MULTICAST_LOOP 1
| #define HAVE_IP_MTU_DISCOVER 1
| #define SU_HAVE_ADDRINFO 1
| #define SU_HAVE_SOCKADDR_STORAGE 1
| #define HAVE_IFR_IFINDEX 1
| #define HAVE_IFCONF 1
| #define HAVE_LIBPTHREAD 1
| #define HAVE_CLOCK_GETTIME 1
| #define HAVE_CLOCK_GETCPUCLOCKID 1
| #define HAVE_CLOCK_MONOTONIC 1
| #define HAVE_ALLOCA_H 1
| #define HAVE_ALLOCA 1
| #define HAVE_GETTIMEOFDAY 1
| #define HAVE_STRERROR 1
| #define HAVE_RANDOM 1
| #define HAVE_INITSTATE 1
| #define HAVE_TCSETATTR 1
| #define HAVE_FLOCK 1
| #define HAVE_SOCKETPAIR 1
| #define HAVE_GETHOSTNAME 1
| #define HAVE_GETHOSTBYNAME 1
| #define HAVE_POLL 1
| #define HAVE_EPOLL_CREATE 1
| #define HAVE_SELECT 1
| #define HAVE_IF_NAMEINDEX 1
| #define HAVE_SIGNAL 1
| #define HAVE_ALARM 1
| #define HAVE_STRNLEN 1
| #define HAVE_GETADDRINFO 1
| #define HAVE_GETNAMEINFO 1
| #define HAVE_FREEADDRINFO 1
| #define HAVE_GAI_STRERROR 1
| #define HAVE_GETIFADDRS 1
| #define HAVE_GETLINE 1
| #define HAVE_GETDELIM 1
| #define HAVE_GETPASS 1
| #define SU_HAVE_POLL 1
| #define HAVE_EPOLL 1
| #define SU_HAVE_IF_NAMEINDEX 1
| #define HAVE_MEMMEM 1
| #define HAVE_MEMCCPY 1
| #define HAVE_STRTOULL 1
| #define HAVE_INET_NTOP 1
| #define HAVE_INET_PTON 1
| #define HAVE_POLL 1
| #define HAVE_SIGPIPE 1
| #define HAVE_POLL_PORT 1
| #define HAVE_PTHREAD_RWLOCK 1
| #define HAVE_PROC_NET_IF_INET6 1
| #define HAVE_LIBCRYPTO 1
| #define HAVE_LIBSSL 1
| #define HAVE_OPENSSL 1
| #define HAVE_TLS 1
| #define HAVE_IP_RECVERR 1
| #define HAVE_IPV6_RECVERR 1
| #define HAVE_NETINET_TCP_H 1
| /* end confdefs.h.  */
| 
| #include <sys/types.h>
| #include <sys/socket.h>
| 
| 
| #include <netinet/sctp.h>
configure:16867: result: no
configure:16952: checking for check >= 0.9.4
configure:17009: checking fnmatch.h usability
configure:17009: gcc -c  -ggdb -O0  -DSU_DEBUG=0   conftest.c >&5
configure:17009: $? = 0
configure:17009: result: yes
configure:17009: checking fnmatch.h presence
configure:17009: gcc -E  conftest.c
configure:17009: $? = 0
configure:17009: result: yes
configure:17009: checking for fnmatch.h
configure:17009: result: yes
configure:17020: checking for pthread_setschedparam in -lpthread
configure:17045: gcc -o conftest  -ggdb -O0  -DSU_DEBUG=0     conftest.c -lpthread  -L/usr/local/lib64 -lssl -lcrypto   -lpthread  >&5
configure:17045: $? = 0
configure:17054: result: yes
configure:17062: checking for compress in -lz
configure:17087: gcc -o conftest  -ggdb -O0  -DSU_DEBUG=0     conftest.c -lz  -L/usr/local/lib64 -lssl -lcrypto   -lpthread  >&5
configure:17087: $? = 0
configure:17096: result: yes
configure:17118: checking for dlopen in -ldl
configure:17143: gcc -o conftest  -ggdb -O0  -DSU_DEBUG=0     conftest.c -ldl  -L/usr/local/lib64 -lssl -lcrypto   -lpthread  >&5
configure:17143: $? = 0
configure:17152: result: yes
configure:17395: checking that generated files are newer than configure
configure:17401: result: done
configure:17489: creating ./config.status

## ---------------------- ##
## Running config.status. ##
## ---------------------- ##

This file was extended by sofia-sip config.status 1.13.6, which was
generated by GNU Autoconf 2.69.  Invocation command line was

  CONFIG_FILES    = 
  CONFIG_HEADERS  = 
  CONFIG_LINKS    = 
  CONFIG_COMMANDS = 
  $ ./config.status 

on thsgw

config.status:1335: creating Makefile
config.status:1335: creating packages/Makefile
config.status:1335: creating packages/sofia-sip-ua.pc
config.status:1335: creating packages/sofia-sip-ua-glib.pc
config.status:1335: creating libsofia-sip-ua/Makefile
config.status:1335: creating libsofia-sip-ua/bnf/Makefile
config.status:1335: creating libsofia-sip-ua/bnf/Doxyfile
config.status:1335: creating libsofia-sip-ua/docs/Makefile
config.status:1335: creating libsofia-sip-ua/docs/Doxyfile
config.status:1335: creating libsofia-sip-ua/docs/Doxyfile.version
config.status:1335: creating libsofia-sip-ua/docs/sofia-footer.html
config.status:1335: creating libsofia-sip-ua/features/Doxyfile
config.status:1335: creating libsofia-sip-ua/features/Makefile
config.status:1335: creating libsofia-sip-ua/http/Doxyfile
config.status:1335: creating libsofia-sip-ua/http/Makefile
config.status:1335: creating libsofia-sip-ua/ipt/Doxyfile
config.status:1335: creating libsofia-sip-ua/ipt/Makefile
config.status:1335: creating libsofia-sip-ua/iptsec/Doxyfile
config.status:1335: creating libsofia-sip-ua/iptsec/Makefile
config.status:1335: creating libsofia-sip-ua/msg/Doxyfile
config.status:1335: creating libsofia-sip-ua/msg/Makefile
config.status:1335: creating libsofia-sip-ua/nea/Doxyfile
config.status:1335: creating libsofia-sip-ua/nea/Makefile
config.status:1335: creating libsofia-sip-ua/nta/Doxyfile
config.status:1335: creating libsofia-sip-ua/nta/Makefile
config.status:1335: creating libsofia-sip-ua/nth/Doxyfile
config.status:1335: creating libsofia-sip-ua/nth/Makefile
config.status:1335: creating libsofia-sip-ua/nua/Doxyfile
config.status:1335: creating libsofia-sip-ua/nua/Makefile
config.status:1335: creating libsofia-sip-ua/sdp/Doxyfile
config.status:1335: creating libsofia-sip-ua/sdp/Makefile
config.status:1335: creating libsofia-sip-ua/sip/Doxyfile
config.status:1335: creating libsofia-sip-ua/sip/Makefile
config.status:1335: creating libsofia-sip-ua/soa/Doxyfile
config.status:1335: creating libsofia-sip-ua/soa/Makefile
config.status:1335: creating libsofia-sip-ua/sresolv/Doxyfile
config.status:1335: creating libsofia-sip-ua/sresolv/Makefile
config.status:1335: creating libsofia-sip-ua/stun/Doxyfile
config.status:1335: creating libsofia-sip-ua/stun/Makefile
config.status:1335: creating libsofia-sip-ua/su/Doxyfile
config.status:1335: creating libsofia-sip-ua/su/Makefile
config.status:1335: creating libsofia-sip-ua/tport/Doxyfile
config.status:1335: creating libsofia-sip-ua/tport/Makefile
config.status:1335: creating libsofia-sip-ua/url/Doxyfile
config.status:1335: creating libsofia-sip-ua/url/Makefile
config.status:1335: creating libsofia-sip-ua/features/sofia-sip/sofia_features.h
config.status:1335: creating s2check/Makefile
config.status:1335: creating libsofia-sip-ua-glib/Makefile
config.status:1335: creating libsofia-sip-ua-glib/su-glib/Makefile
config.status:1335: creating libsofia-sip-ua-glib/su-glib/Doxyfile
config.status:1335: creating utils/Makefile
config.status:1335: creating utils/Doxyfile
config.status:1335: creating tests/Makefile
config.status:1335: creating win32/Makefile
config.status:1335: creating win32/config.h
config.status:1335: creating open_c/Makefile
config.status:1335: creating open_c/config.h
config.status:1335: creating packages/sofia-sip-1.13.6.spec
config.status:1335: creating config.h
config.status:1516: config.h is unchanged
config.status:1335: creating libsofia-sip-ua/su/sofia-sip/su_configure.h
config.status:1516: libsofia-sip-ua/su/sofia-sip/su_configure.h is unchanged
config.status:1564: executing depfiles commands
config.status:1564: executing libtool commands
config.status:1564: executing version commands

## ---------------- ##
## Cache variables. ##
## ---------------- ##

ac_cv_build=x86_64-unknown-linux-gnu
ac_cv_c_bigendian=no
ac_cv_c_c99_format=yes
ac_cv_c_compiler_gnu=yes
ac_cv_c_const=yes
ac_cv_c_inline=inline
ac_cv_c_keyword_struct=yes
ac_cv_c_macro_function=yes
ac_cv_c_var_func=yes
ac_cv_cwflag=-Wall
ac_cv_dev_urandom=yes
ac_cv_env_CC_set=
ac_cv_env_CC_value=
ac_cv_env_CFLAGS_set=set
ac_cv_env_CFLAGS_value=' -ggdb -O0'
ac_cv_env_CPPFLAGS_set=
ac_cv_env_CPPFLAGS_value=
ac_cv_env_CPP_set=
ac_cv_env_CPP_value=
ac_cv_env_LDFLAGS_set=
ac_cv_env_LDFLAGS_value=
ac_cv_env_LIBS_set=
ac_cv_env_LIBS_value=
ac_cv_env_SOFIA_CFLAGS_set=
ac_cv_env_SOFIA_CFLAGS_value=
ac_cv_env_SOFIA_GLIB_CFLAGS_set=
ac_cv_env_SOFIA_GLIB_CFLAGS_value=
ac_cv_env_build_alias_set=
ac_cv_env_build_alias_value=
ac_cv_env_host_alias_set=
ac_cv_env_host_alias_value=
ac_cv_env_target_alias_set=
ac_cv_env_target_alias_value=
ac_cv_free_null=yes
ac_cv_func_alarm=yes
ac_cv_func_alloca_works=yes
ac_cv_func_clock_getcpuclockid=yes
ac_cv_func_clock_gettime=yes
ac_cv_func_epoll_create=yes
ac_cv_func_flock=yes
ac_cv_func_freeaddrinfo=yes
ac_cv_func_gai_strerror=yes
ac_cv_func_getaddrinfo=yes
ac_cv_func_getdelim=yes
ac_cv_func_gethostbyname=yes
ac_cv_func_gethostname=yes
ac_cv_func_getifaddrs=yes
ac_cv_func_getipnodebyname=no
ac_cv_func_getline=yes
ac_cv_func_getnameinfo=yes
ac_cv_func_getpass=yes
ac_cv_func_gettimeofday=yes
ac_cv_func_if_nameindex=yes
ac_cv_func_inet_ntop=yes
ac_cv_func_inet_pton=yes
ac_cv_func_initstate=yes
ac_cv_func_kqueue=no
ac_cv_func_memccpy=yes
ac_cv_func_memcspn=no
ac_cv_func_memmem=yes
ac_cv_func_memspn=no
ac_cv_func_poll=yes
ac_cv_func_random=yes
ac_cv_func_select=yes
ac_cv_func_signal=yes
ac_cv_func_socketpair=yes
ac_cv_func_strerror=yes
ac_cv_func_strnlen=yes
ac_cv_func_strtoull=yes
ac_cv_func_tcsetattr=yes
ac_cv_have_decl_CLOCK_MONOTONIC=yes
ac_cv_have_decl_IP_ADD_MEMBERSHIP=yes
ac_cv_have_decl_IP_MTU_DISCOVER=yes
ac_cv_have_decl_IP_MULTICAST_LOOP=yes
ac_cv_have_decl_MSG_TRUNC=yes
ac_cv_have_decl_SIGPIPE=yes
ac_cv_have_decl_SO_RCVBUFFORCE=yes
ac_cv_have_decl_SO_SNDBUFFORCE=yes
ac_cv_header_arpa_inet_h=yes
ac_cv_header_dirent_h=yes
ac_cv_header_dlfcn_h=yes
ac_cv_header_fcntl_h=yes
ac_cv_header_fnmatch_h=yes
ac_cv_header_ifaddr_h=no
ac_cv_header_inttypes_h=yes
ac_cv_header_memory_h=yes
ac_cv_header_minix_config_h=no
ac_cv_header_net_if_h=yes
ac_cv_header_net_if_types_h=no
ac_cv_header_netdb_h=yes
ac_cv_header_netinet_in_h=yes
ac_cv_header_netinet_sctp_h=no
ac_cv_header_netinet_tcp_h=yes
ac_cv_header_netpacket_packet_h=yes
ac_cv_header_pthread_h=yes
ac_cv_header_stdc=yes
ac_cv_header_stdint_h=yes
ac_cv_header_stdlib_h=yes
ac_cv_header_string_h=yes
ac_cv_header_strings_h=yes
ac_cv_header_sys_devpoll_h=no
ac_cv_header_sys_epoll_h=yes
ac_cv_header_sys_filio_h=no
ac_cv_header_sys_ioctl_h=yes
ac_cv_header_sys_select_h=yes
ac_cv_header_sys_socket_h=yes
ac_cv_header_sys_sockio_h=no
ac_cv_header_sys_stat_h=yes
ac_cv_header_sys_time_h=yes
ac_cv_header_sys_types_h=yes
ac_cv_header_time=yes
ac_cv_header_unistd_h=yes
ac_cv_header_winsock2_h=no
ac_cv_host=x86_64-unknown-linux-gnu
ac_cv_hostcheck=x86_64-unknown-linux-gnu
ac_cv_ioctl_siocgifnum='sys/sockio.h missing'
ac_cv_lib_dl_dlopen=yes
ac_cv_lib_pthread_pthread_create=yes
ac_cv_lib_pthread_pthread_setschedparam=yes
ac_cv_lib_socket_socketpair=no
ac_cv_lib_z_compress=yes
ac_cv_objext=o
ac_cv_path_EGREP='/usr/bin/grep -E'
ac_cv_path_FGREP='/usr/bin/grep -F'
ac_cv_path_GREP=/usr/bin/grep
ac_cv_path_PKG_CONFIG=/usr/bin/pkg-config
ac_cv_path_SED=/usr/bin/sed
ac_cv_path_install='/usr/bin/install -c'
ac_cv_path_mkdir=/usr/bin/mkdir
ac_cv_prog_AWK=gawk
ac_cv_prog_CPP='gcc -E'
ac_cv_prog_DOXYGEN=doxygen
ac_cv_prog_ETAGS=echo
ac_cv_prog_ac_ct_AR=ar
ac_cv_prog_ac_ct_CC=gcc
ac_cv_prog_ac_ct_LD=ld
ac_cv_prog_ac_ct_OBJDUMP=objdump
ac_cv_prog_ac_ct_RANLIB=ranlib
ac_cv_prog_ac_ct_STRIP=strip
ac_cv_prog_cc_c89=
ac_cv_prog_cc_g=yes
ac_cv_prog_cc_gcc_c_o=yes
ac_cv_prog_make_make_set=yes
ac_cv_sa_len=no
ac_cv_safe_to_define___extensions__=yes
ac_cv_search_clock_gettime='none required'
ac_cv_search_getaddrinfo='none required'
ac_cv_search_gethostbyname='none required'
ac_cv_search_getipnodebyname=no
ac_cv_search_inet_ntop='none required'
ac_cv_search_socket='none required'
ac_cv_sin6=yes
ac_cv_struct_addrinfo=yes
ac_cv_struct_ifconf=yes
ac_cv_struct_ifreq_ifr_ifindex=yes
ac_cv_struct_ifreq_ifr_index=no
ac_cv_struct_sockaddr_storage=yes
ac_cv_sys_ip_recverr=yes
ac_cv_sys_ipv6_recverr=yes
ac_cv_tagstack=no
ac_cv_target=x86_64-unknown-linux-gnu
ac_cv_type_long_long=yes
ac_cv_type_signal=void
ac_cv_type_size_t=yes
ac_cv_working_alloca_h=yes
am_cv_CC_dependencies_compiler_type=gcc3
am_cv_make_support_nested_variables=yes
ax_cv_c_compiler_vendor=gnu
lt_cv_ar_at_file=@
lt_cv_archive_cmds_need_lc=no
lt_cv_deplibs_check_method=pass_all
lt_cv_file_magic_cmd='$MAGIC_CMD'
lt_cv_file_magic_test_file=
lt_cv_ld_reload_flag=-r
lt_cv_nm_interface='BSD nm'
lt_cv_objdir=.libs
lt_cv_path_LD=ld
lt_cv_path_NM='/usr/bin/nm -B'
lt_cv_path_mainfest_tool=no
lt_cv_prog_compiler_c_o=yes
lt_cv_prog_compiler_pic='-fPIC -DPIC'
lt_cv_prog_compiler_pic_works=yes
lt_cv_prog_compiler_rtti_exceptions=no
lt_cv_prog_compiler_static_works=no
lt_cv_prog_gnu_ld=yes
lt_cv_sharedlib_from_linklib_cmd='printf %s\n'
lt_cv_shlibpath_overrides_runpath=no
lt_cv_sys_global_symbol_pipe='sed -n -e '\''s/^.*[	 ]\([ABCDGIRSTW][ABCDGIRSTW]*\)[	 ][	 ]*\([_A-Za-z][_A-Za-z0-9]*\)$/\1 \2 \2/p'\'' | sed '\''/ __gnu_lto/d'\'''
lt_cv_sys_global_symbol_to_c_name_address='sed -n -e '\''s/^: \([^ ]*\)[ ]*$/  {\"\1\", (void *) 0},/p'\'' -e '\''s/^[ABCDGIRSTW]* \([^ ]*\) \([^ ]*\)$/  {"\2", (void *) \&\2},/p'\'''
lt_cv_sys_global_symbol_to_c_name_address_lib_prefix='sed -n -e '\''s/^: \([^ ]*\)[ ]*$/  {\"\1\", (void *) 0},/p'\'' -e '\''s/^[ABCDGIRSTW]* \([^ ]*\) \(lib[^ ]*\)$/  {"\2", (void *) \&\2},/p'\'' -e '\''s/^[ABCDGIRSTW]* \([^ ]*\) \([^ ]*\)$/  {"lib\2", (void *) \&\2},/p'\'''
lt_cv_sys_global_symbol_to_cdecl='sed -n -e '\''s/^T .* \(.*\)$/extern int \1();/p'\'' -e '\''s/^[ABCDGIRSTW]* .* \(.*\)$/extern char \1;/p'\'''
lt_cv_sys_max_cmd_len=98304
lt_cv_to_host_file_cmd=func_convert_file_noop
lt_cv_to_tool_file_cmd=func_convert_file_noop

## ----------------- ##
## Output variables. ##
## ----------------- ##

ACLOCAL='${SHELL} /home/stack_changes/sofia-sip/missing aclocal-1.13'
ACLOCAL_AMFLAGS='-I m4'
ALLOCA=''
AMDEPBACKSLASH='\'
AMDEP_FALSE='#'
AMDEP_TRUE=''
AMTAR='$${TAR-tar}'
AM_BACKSLASH='\'
AM_DEFAULT_V='$(AM_DEFAULT_VERBOSITY)'
AM_DEFAULT_VERBOSITY='1'
AM_V='$(V)'
AR='ar'
AUTOCONF='${SHELL} /home/stack_changes/sofia-sip/missing autoconf'
AUTOHEADER='${SHELL} /home/stack_changes/sofia-sip/missing autoheader'
AUTOMAKE='${SHELL} /home/stack_changes/sofia-sip/missing automake-1.13'
AWK='gawk'
CC='gcc'
CCDEPMODE='depmode=gcc3'
CFLAGS=' -ggdb -O0  -DSU_DEBUG=0 '
CHECK_CFLAGS=''
CHECK_LIBS=''
COREFOUNDATION_FALSE=''
COREFOUNDATION_TRUE='#'
COVERAGE_FLAGS=''
CPP='gcc -E'
CPPFLAGS=''
CWFLAG='-Wall'
CYGPATH_W='echo'
DEFS='-DHAVE_CONFIG_H'
DEPDIR='.deps'
DLLTOOL='false'
DOXYGEN='doxygen'
DSYMUTIL=''
DUMPBIN=''
ECHO_C=''
ECHO_N='-n'
ECHO_T=''
EGREP='/usr/bin/grep -E'
ENABLE_COVERAGE_FALSE=''
ENABLE_COVERAGE_TRUE='#'
ETAGS='echo'
EXEEXT=''
EXPENSIVE_CHECKS_FALSE=''
EXPENSIVE_CHECKS_TRUE='#'
FGREP='/usr/bin/grep -F'
GCOV=''
GENHTML=''
GENPNG=''
GLIB_CFLAGS='-I/usr/include/glib-2.0 -I/usr/lib64/glib-2.0/include  '
GLIB_LIBS='-lglib-2.0  '
GLIB_VERSION=''
GREP='/usr/bin/grep'
HAVE_CHECK_FALSE=''
HAVE_CHECK_TRUE='#'
HAVE_DOXYGEN_FALSE='#'
HAVE_DOXYGEN_TRUE=''
HAVE_GENPNG_FALSE='#'
HAVE_GENPNG_TRUE=''
HAVE_GLIB_FALSE='#'
HAVE_GLIB_TRUE=''
HAVE_LCOV_FALSE='#'
HAVE_LCOV_TRUE=''
HAVE_MINGW32_FALSE=''
HAVE_MINGW32_TRUE='#'
HAVE_NTH_FALSE='#'
HAVE_NTH_TRUE=''
HAVE_NTLM_FALSE=''
HAVE_NTLM_TRUE='#'
HAVE_STUN_FALSE='#'
HAVE_STUN_TRUE=''
HAVE_TLS_FALSE='#'
HAVE_TLS_TRUE=''
HAVE_ZLIB_FALSE='#'
HAVE_ZLIB_TRUE=''
INSTALL_DATA='${INSTALL} -m 644'
INSTALL_PROGRAM='${INSTALL}'
INSTALL_SCRIPT='${INSTALL}'
INSTALL_STRIP_PROGRAM='$(install_sh) -c -s'
LCOV=''
LD='ld -m elf_x86_64'
LDFLAGS=' '
LIBOBJS=''
LIBS='-L/usr/local/lib64 -lssl -lcrypto   -lpthread '
LIBTOOL='$(SHELL) $(top_builddir)/libtool'
LIBVER_SOFIA_SIP_UA_AGE='6'
LIBVER_SOFIA_SIP_UA_CUR='6'
LIBVER_SOFIA_SIP_UA_GLIB_AGE='0'
LIBVER_SOFIA_SIP_UA_GLIB_CUR='3'
LIBVER_SOFIA_SIP_UA_GLIB_REV='0'
LIBVER_SOFIA_SIP_UA_GLIB_SOVER='3'
LIBVER_SOFIA_SIP_UA_REV='0'
LIBVER_SOFIA_SIP_UA_SOVER='0'
LIPO=''
LN_S='ln -s'
LTLIBOBJS=''
MAKEINFO='${SHELL} /home/stack_changes/sofia-sip/missing makeinfo'
MANIFEST_TOOL=':'
MINGW_ENVIRONMENT=''
MKDIR_P='/usr/bin/mkdir -p'
MOSTLYCLEANFILES='*.bb *.bbg *.da *.gcov *.gcda *.gcno'
NDEBUG_FALSE=''
NDEBUG_TRUE='#'
NM='/usr/bin/nm -B'
NMEDIT=''
OBJDUMP='objdump'
OBJEXT='o'
OTOOL64=''
OTOOL=''
PACKAGE='sofia-sip'
PACKAGE_BUGREPORT=''
PACKAGE_NAME='sofia-sip'
PACKAGE_STRING='sofia-sip 1.13.6'
PACKAGE_TARNAME='sofia-sip'
PACKAGE_URL=''
PACKAGE_VERSION='1.13.6'
PATH_SEPARATOR=':'
PKG_CONFIG='/usr/bin/pkg-config'
RANLIB='ranlib'
REPLACE_LIBADD=' memspn.lo memcspn.lo'
SED='/usr/bin/sed'
SET_MAKE=''
SHELL='/bin/sh'
SOFIA_CFLAGS=''
SOFIA_GLIB_CFLAGS=''
SOFIA_GLIB_PKG_REQUIRES='glib-2.0'
SOFIA_PLAT_CFLAGS=''
STRIP='strip'
TESTS_ENVIRONMENT=''
VERSION='1.13.6'
VER_LIBSOFIA_SIP_UA_MAJOR_MINOR='1.13'
ac_ct_AR='ar'
ac_ct_CC='gcc'
ac_ct_DUMPBIN=''
am__EXEEXT_FALSE=''
am__EXEEXT_TRUE='#'
am__fastdepCC_FALSE='#'
am__fastdepCC_TRUE=''
am__include='include'
am__isrc=''
am__leading_dot='.'
am__nodep='_no'
am__quote=''
am__tar='$${TAR-tar} chof - "$$tardir"'
am__untar='$${TAR-tar} xf -'
bindir='${exec_prefix}/bin'
build='x86_64-unknown-linux-gnu'
build_alias=''
build_cpu='x86_64'
build_os='linux-gnu'
build_vendor='unknown'
datadir='${datarootdir}'
datarootdir='${prefix}/share'
docdir='${datarootdir}/doc/${PACKAGE_TARNAME}'
dvidir='${docdir}'
exec_prefix='${prefix}'
host='x86_64-unknown-linux-gnu'
host_alias=''
host_cpu='x86_64'
host_os='linux-gnu'
host_vendor='unknown'
htmldir='${docdir}'
include_sofiadir='${includedir}/sofia-sip-1.13'
includedir='${prefix}/include'
infodir='${datarootdir}/info'
install_sh='${SHELL} /home/stack_changes/sofia-sip/install-sh'
libdir='${exec_prefix}/lib'
libexecdir='${exec_prefix}/libexec'
localedir='${datarootdir}/locale'
localstatedir='${prefix}/var'
mandir='${datarootdir}/man'
mkdir_p='$(MKDIR_P)'
oldincludedir='/usr/include'
openssl_CFLAGS='-I/usr/local/include  '
openssl_LIBS='-L/usr/local/lib64 -lssl -lcrypto  '
pdfdir='${docdir}'
prefix='/usr/local'
program_transform_name='s,x,x,'
psdir='${docdir}'
sbindir='${exec_prefix}/sbin'
sharedstatedir='${prefix}/com'
sysconfdir='${prefix}/etc'
target='x86_64-unknown-linux-gnu'
target_alias=''
target_cpu='x86_64'
target_os='linux-gnu'
target_vendor='unknown'

## ----------- ##
## confdefs.h. ##
## ----------- ##

/* confdefs.h */
#define PACKAGE_NAME "sofia-sip"
#define PACKAGE_TARNAME "sofia-sip"
#define PACKAGE_VERSION "1.13.6"
#define PACKAGE_STRING "sofia-sip 1.13.6"
#define PACKAGE_BUGREPORT ""
#define PACKAGE_URL ""
#define PACKAGE "sofia-sip"
#define VERSION "1.13.6"
#define STDC_HEADERS 1
#define HAVE_SYS_TYPES_H 1
#define HAVE_SYS_STAT_H 1
#define HAVE_STDLIB_H 1
#define HAVE_STRING_H 1
#define HAVE_MEMORY_H 1
#define HAVE_STRINGS_H 1
#define HAVE_INTTYPES_H 1
#define HAVE_STDINT_H 1
#define HAVE_UNISTD_H 1
#define __EXTENSIONS__ 1
#define _ALL_SOURCE 1
#define _GNU_SOURCE 1
#define _POSIX_PTHREAD_SEMANTICS 1
#define _TANDEM_SOURCE 1
#define HAVE_DLFCN_H 1
#define LT_OBJDIR ".libs/"
#define STDC_HEADERS 1
#define RETSIGTYPE void
#define longlong long long
#define HAVE_C99_FORMAT 1
#define LLU "%llu"
#define LLI "%lli"
#define LLX "%llx"
#define MOD_ZD "%zd"
#define MOD_ZU "%zu"
#define HAVE_INLINE 1
#define SWITCH_BYTE_ORDER __LITTLE_ENDIAN
#define HAVE_FUNC 1
#define HAVE_FUNCTION 1
#define HAVE_STRUCT_KEYWORDS 1
#define TIME_WITH_SYS_TIME 1
#define HAVE_DEV_URANDOM 1
#define DEV_URANDOM 1
#define SU_HAVE_SYS_TYPES 1
#define SU_HAVE_STDINT 1
#define SU_HAVE_INTTYPES 1
#define SU_HAVE_PTHREADS 1
#define su_inline static inline
#define SU_INLINE inline
#define SU_HAVE_INLINE 1
#define SU_INLINE_TAG_CAST 1
#define SOFIA_ISIZE_T int
#define ISIZE_MAX INT_MAX
#define SOFIA_ISSIZE_T int
#define ISSIZE_MAX INT_MAX
#define SOFIA_USIZE_T unsigned
#define USIZE_MAX UINT_MAX
#define HAVE_FREE_NULL 1
#define HAVE_SIN6 1
#define SU_HAVE_IN6 1
#define HAVE_UNISTD_H 1
#define HAVE_SYS_TIME_H 1
#define HAVE_FCNTL_H 1
#define HAVE_DIRENT_H 1
#define SU_HAVE_BSDSOCK 1
#define HAVE_SYS_SOCKET_H 1
#define HAVE_SYS_IOCTL_H 1
#define HAVE_SYS_SELECT_H 1
#define HAVE_SYS_EPOLL_H 1
#define HAVE_NETINET_IN_H 1
#define HAVE_ARPA_INET_H 1
#define HAVE_NETDB_H 1
#define HAVE_NET_IF_H 1
#define HAVE_NETPACKET_PACKET_H 1
#define HAVE_MSG_TRUNC 1
#define HAVE_SO_RCVBUFFORCE 1
#define HAVE_SO_SNDBUFFORCE 1
#define HAVE_IP_ADD_MEMBERSHIP 1
#define HAVE_IP_MULTICAST_LOOP 1
#define HAVE_IP_MTU_DISCOVER 1
#define SU_HAVE_ADDRINFO 1
#define SU_HAVE_SOCKADDR_STORAGE 1
#define HAVE_IFR_IFINDEX 1
#define HAVE_IFCONF 1
#define HAVE_LIBPTHREAD 1
#define HAVE_CLOCK_GETTIME 1
#define HAVE_CLOCK_GETCPUCLOCKID 1
#define HAVE_CLOCK_MONOTONIC 1
#define HAVE_ALLOCA_H 1
#define HAVE_ALLOCA 1
#define HAVE_GETTIMEOFDAY 1
#define HAVE_STRERROR 1
#define HAVE_RANDOM 1
#define HAVE_INITSTATE 1
#define HAVE_TCSETATTR 1
#define HAVE_FLOCK 1
#define HAVE_SOCKETPAIR 1
#define HAVE_GETHOSTNAME 1
#define HAVE_GETHOSTBYNAME 1
#define HAVE_POLL 1
#define HAVE_EPOLL_CREATE 1
#define HAVE_SELECT 1
#define HAVE_IF_NAMEINDEX 1
#define HAVE_SIGNAL 1
#define HAVE_ALARM 1
#define HAVE_STRNLEN 1
#define HAVE_GETADDRINFO 1
#define HAVE_GETNAMEINFO 1
#define HAVE_FREEADDRINFO 1
#define HAVE_GAI_STRERROR 1
#define HAVE_GETIFADDRS 1
#define HAVE_GETLINE 1
#define HAVE_GETDELIM 1
#define HAVE_GETPASS 1
#define SU_HAVE_POLL 1
#define HAVE_EPOLL 1
#define SU_HAVE_IF_NAMEINDEX 1
#define HAVE_MEMMEM 1
#define HAVE_MEMCCPY 1
#define HAVE_STRTOULL 1
#define HAVE_INET_NTOP 1
#define HAVE_INET_PTON 1
#define HAVE_POLL 1
#define HAVE_SIGPIPE 1
#define HAVE_POLL_PORT 1
#define HAVE_PTHREAD_RWLOCK 1
#define HAVE_PROC_NET_IF_INET6 1
#define HAVE_LIBCRYPTO 1
#define HAVE_LIBSSL 1
#define HAVE_OPENSSL 1
#define HAVE_TLS 1
#define HAVE_IP_RECVERR 1
#define HAVE_IPV6_RECVERR 1
#define HAVE_NETINET_TCP_H 1
#define HAVE_FNMATCH_H 1
#define HAVE_PTHREAD_SETSCHEDPARAM 1
#define HAVE_ZLIB_COMPRESS 1
#define HAVE_LIBDL 1
#define HAVE_SOFIA_SIP 1
#define HAVE_SOFIA_SRESOLV 1
#define HAVE_SOFIA_SMIME 0
#define HAVE_SOFIA_STUN 1
#define HAVE_SOFIA_NTH 1
#define HAVE_SOFIA_HTTP 1
#define HAVE_SRTP 0
#define HAVE_UPNP 0

configure: exit 0
